ARQUIVO	TIPO	CURSO	MODULO	AULA	CATEGORIA	JA_EXISTE_NO_PROJETO	HASH	DESTINO_PROPOSTO
01 - Marketing Digital, Negocios Online e Vendas/01 - SEO, Google e Busca/Autor - O Codigo Lucrativo/01 - A Febre das Palavras-chave.pdf	PDF		SEO, Google e Busca	SEO, Google e Busca - A Febre das Palavras chave	SEO e descoberta	sim	d0231568f0fcbcd2a670e3220cb6f3b94e5cd692e5935053ceed9bfaa6e281b2	nao importar - duplicata por SHA-256
01 - Marketing Digital, Negocios Online e Vendas/01 - SEO, Google e Busca/Autor - O Codigo Lucrativo/02 - Ecossistema Google - Guia Atualizado para Presenca, Metricas e Reputacao.pdf	PDF		SEO, Google e Busca	SEO, Google e Busca - Ecossistema Google Guia Atualizado para Presenca, Metricas e Reputacao	SEO e descoberta	sim	4b28a95e2ec12286124586459f9135d7735762b6051e82c2e5eab8cbae89f816	nao importar - duplicata por SHA-256
01 - Marketing Digital, Negocios Online e Vendas/01 - SEO, Google e Busca/Autor - O Codigo Lucrativo/03 - Nocoes Contemporaneas de SEO.pdf	PDF		SEO, Google e Busca	SEO, Google e Busca - Nocoes Contemporaneas de SEO	SEO e descoberta	sim	4f90d7b62f3f780a67df06f7935b4336507a5e71ef566e6d2ecdb23e280c1eb3	nao importar - duplicata por SHA-256
01 - Marketing Digital, Negocios Online e Vendas/02 - Email Marketing e Newsletters/Autor - O Codigo Lucrativo/01 - Newsletters Praticas - Guia Contemporaneo de A a Z.pdf	PDF		Email Marketing e Newsletters	Email Marketing e Newsletters - Newsletters Praticas Guia Contemporaneo de A a Z	E-mail e relacionamento	sim	620e2573763d662f1f5f16a6a9a245485b68e23db30f27ba9fdf6c53de42b7f7	nao importar - duplicata por SHA-256
01 - Marketing Digital, Negocios Online e Vendas/02 - Email Marketing e Newsletters/Autor - O Codigo Lucrativo/02 - Marketing por Email - Da Lista ao Ciclo de Valor.pdf	PDF		Email Marketing e Newsletters	Email Marketing e Newsletters - Marketing por Email Da Lista ao Ciclo de Valor	E-mail e relacionamento	sim	9e8f14507ac1a878edbad41a99ce0f3752de120fb9b189c6cd6538f9a6c87498	nao importar - duplicata por SHA-256
01 - Marketing Digital, Negocios Online e Vendas/03 - Marketing de Rede, Lideranca e Equipes/Autor - O Codigo Lucrativo/01 - Sobrevivencia Estrategica no Marketing de Rede.pdf	PDF		Marketing de Rede, Lideranca e Equipes	Marketing de Rede, Lideranca e Equipes - Sobrevivencia Estrategica no Marketing de Rede	Marketing de rede	sim	8660506793577e64be219ccf924d4a3d05dcce499322094d74e2debac93d0f5c	nao importar - duplicata por SHA-256
01 - Marketing Digital, Negocios Online e Vendas/03 - Marketing de Rede, Lideranca e Equipes/Autor - O Codigo Lucrativo/02 - Armadilhas e Praticas Responsaveis no Marketing de Rede.pdf	PDF		Marketing de Rede, Lideranca e Equipes	Marketing de Rede, Lideranca e Equipes - Armadilhas e Praticas Responsaveis no Marketing de Rede	Marketing de rede	sim	cc615e9d4a14542e0ab814b08b7879b89dee45ba2e0c07bca67f7f9d9f226851	nao importar - duplicata por SHA-256
01 - Marketing Digital, Negocios Online e Vendas/03 - Marketing de Rede, Lideranca e Equipes/Autor - O Codigo Lucrativo/03 - A Nova Era do Marketing de Rede.pdf	PDF		Marketing de Rede, Lideranca e Equipes	Marketing de Rede, Lideranca e Equipes - A Nova Era do Marketing de Rede	Marketing de rede	sim	ff04383e2bec8ed66ed9f81301cbcd3b58eeff2790ded6840330225aba26eff0	nao importar - duplicata por SHA-256
01 - Marketing Digital, Negocios Online e Vendas/03 - Marketing de Rede, Lideranca e Equipes/Autor - O Codigo Lucrativo/04 - Marketing de Rede 4.0.pdf	PDF		Marketing de Rede, Lideranca e Equipes	Marketing de Rede, Lideranca e Equipes - Marketing de Rede 4.0	Marketing de rede	sim	374fd34ef299df30c82c72862d85db5f7f789ab02dd85e64c98ae04a0de705d7	nao importar - duplicata por SHA-256
01 - Marketing Digital, Negocios Online e Vendas/03 - Marketing de Rede, Lideranca e Equipes/Autor - O Codigo Lucrativo/05 - Trabalhe em Rede com Eficiencia.pdf	PDF		Marketing de Rede, Lideranca e Equipes	Marketing de Rede, Lideranca e Equipes - Trabalhe em Rede com Eficiencia	Marketing de rede	sim	40c1104f2e5cf3b2d8d17de8ba6d7ce738363908716fffd68b5a2afbc5266bf1	nao importar - duplicata por SHA-256
01 - Marketing Digital, Negocios Online e Vendas/03 - Marketing de Rede, Lideranca e Equipes/Autor - O Codigo Lucrativo/06 - Upline Imparavel - Manual Contemporaneo de Mentoria e Lideranca de Equipa.pdf	PDF		Marketing de Rede, Lideranca e Equipes	Marketing de Rede, Lideranca e Equipes - Upline Imparavel Manual Contemporaneo de Mentoria e Lideranca de Equipa	Marketing de rede	sim	03fed14a82440333c1974eb2704ba8cdcc26a02a1d032e6ab96f6e0973971ff1	nao importar - duplicata por SHA-256
01 - Marketing Digital, Negocios Online e Vendas/04 - Produtos Digitais, Captura e Conversao/Autor - O Codigo Lucrativo/01 - 30 Truques para Maximizar Conversoes.pdf	PDF		Produtos Digitais, Captura e Conversao	Produtos Digitais, Captura e Conversao - 30 Truques para Maximizar Conversoes	Captação e funis	sim	ac208601473d76d49aa5529cd866f1695f50f69d6891b4f99193d35b3ab9bf52	nao importar - duplicata por SHA-256
01 - Marketing Digital, Negocios Online e Vendas/04 - Produtos Digitais, Captura e Conversao/Autor - O Codigo Lucrativo/02 - 7 Passos Para Ter Seu Proprio Produto Digital.pdf	PDF		Produtos Digitais, Captura e Conversao	Produtos Digitais, Captura e Conversao - 7 Passos Para Ter Seu Proprio Produto Digital	Captação e funis	sim	69e3d8de70f1f9369050d6ebc83666dade1ed2a6e3c63fb1b5a64d70890c3143	nao importar - duplicata por SHA-256
01 - Marketing Digital, Negocios Online e Vendas/04 - Produtos Digitais, Captura e Conversao/Autor - O Codigo Lucrativo/03 - Geracao de Contactos - Manual Contemporaneo.pdf	PDF		Produtos Digitais, Captura e Conversao	Produtos Digitais, Captura e Conversao - Geracao de Contactos Manual Contemporaneo	Captação e funis	sim	f24b0da5a41489f1ab8a8a47a756547a835ee7913446fcad17198fac49f4dcff	nao importar - duplicata por SHA-256
01 - Marketing Digital, Negocios Online e Vendas/04 - Produtos Digitais, Captura e Conversao/Autor - O Codigo Lucrativo/04 - Paginas de Captura - Projeto, Lancamento e Otimizacao.pdf	PDF		Produtos Digitais, Captura e Conversao	Produtos Digitais, Captura e Conversao - Paginas de Captura Projeto, Lancamento e Otimizacao	Captação e funis	sim	5c669d4880990fc4980af0cd0e38a2f69b4b0093834e231c94235bc5d1af5e4d	nao importar - duplicata por SHA-256
01 - Marketing Digital, Negocios Online e Vendas/04 - Produtos Digitais, Captura e Conversao/Autor - O Codigo Lucrativo/05 - Isqueiras Digitais - Guia Contemporaneo para eBooks Gratuitos como Ferramentas de Captacao.pdf	PDF		Produtos Digitais, Captura e Conversao	Produtos Digitais, Captura e Conversao - Isqueiras Digitais Guia Contemporaneo para eBooks Gratuitos como Ferramentas de Captacao	Captação e funis	sim	53ffacc08306940e7905f9ff38f144327601cc047e389d2a31aa822c5b0d8dcc	nao importar - duplicata por SHA-256
01 - Marketing Digital, Negocios Online e Vendas/05 - Comunicacao, Conteudo e Video/Autor - O Codigo Lucrativo/01 - A Linguagem Corporal - Guia Pratico e Contemporaneo.pdf	PDF		Comunicacao, Conteudo e Video	Comunicacao, Conteudo e Video - A Linguagem Corporal Guia Pratico e Contemporaneo	Conteúdo e criativos	sim	b2cf302eec27c03cade155e6fb8d5ca95ec60b7d2830beece991534951f00128	nao importar - duplicata por SHA-256
01 - Marketing Digital, Negocios Online e Vendas/05 - Comunicacao, Conteudo e Video/Autor - O Codigo Lucrativo/02 - Criacao de Videos Estrategicos.pdf	PDF		Comunicacao, Conteudo e Video	Comunicacao, Conteudo e Video - Criacao de Videos Estrategicos	Conteúdo e criativos	sim	8755222bd3f7af8668336b7b9c08a29e12a6a0ba364d2d73870a26b8c4c369c5	nao importar - duplicata por SHA-256
01 - Marketing Digital, Negocios Online e Vendas/05 - Comunicacao, Conteudo e Video/Autor - O Codigo Lucrativo/03 - Os Segredos Contemporaneos de Escrever Artigos.pdf	PDF		Comunicacao, Conteudo e Video	Comunicacao, Conteudo e Video - Os Segredos Contemporaneos de Escrever Artigos	Conteúdo e criativos	sim	249a163940b8076fd23d32034a53b66e26b94a0725012c6acf46ac02d307ffd6	nao importar - duplicata por SHA-256
01 - Marketing Digital, Negocios Online e Vendas/06 - Branding e Marca/Autor - O Codigo Lucrativo/01 - Elementos Obrigatorios na Construcao de uma Marca.pdf	PDF		Branding e Marca	Branding e Marca - Elementos Obrigatorios na Construcao de uma Marca	Marca e posicionamento	sim	38cd4206200cbb5605d11448ee669208523fea7ac3f7db0e6c3fdef35a48fd5e	nao importar - duplicata por SHA-256
01 - Marketing Digital, Negocios Online e Vendas/07 - Trabalho Online, Carreira e Financas/Autor - O Codigo Lucrativo/01 - Desenvolva Seu QI Financeiro.pdf	PDF		Trabalho Online, Carreira e Financas	Trabalho Online, Carreira e Financas - Desenvolva Seu QI Financeiro	Negócio digital	sim	cc70ba08c758464efb616f9bbc40087a007affc760544d223c5abeac88207eb5	nao importar - duplicata por SHA-256
01 - Marketing Digital, Negocios Online e Vendas/07 - Trabalho Online, Carreira e Financas/Autor - O Codigo Lucrativo/02 - Despeca o Seu Chefe - Edicao Responsavel e Tecnologica.pdf	PDF		Trabalho Online, Carreira e Financas	Trabalho Online, Carreira e Financas - Despeca o Seu Chefe Edicao Responsavel e Tecnologica	Negócio digital	sim	580582e8ea525ab4927d9b835dff7b064a9a1ef994f86e0f06a4894e8905ca90	nao importar - duplicata por SHA-256
01 - Marketing Digital, Negocios Online e Vendas/07 - Trabalho Online, Carreira e Financas/Autor - O Codigo Lucrativo/03 - Trabalhar a Partir de Casa - Guia Contemporaneo para Negocios Online.pdf	PDF		Trabalho Online, Carreira e Financas	Trabalho Online, Carreira e Financas - Trabalhar a Partir de Casa Guia Contemporaneo para Negocios Online	Negócio digital	sim	023cbb5d76dbf68db1cf7329a2dd2498010a484a3e292f780c2d294d6309b306	nao importar - duplicata por SHA-256
01 - Marketing Digital, Negocios Online e Vendas/07 - Trabalho Online, Carreira e Financas/Autor - O Codigo Lucrativo/04 - Porque Voce Pode Construir Uma Presenca Online Duradoura.pdf	PDF		Trabalho Online, Carreira e Financas	Trabalho Online, Carreira e Financas - Porque Voce Pode Construir Uma Presenca Online Duradoura	Negócio digital	sim	3f9d7e500b6a4a3097d14ab3e7c48d309b66c881b5d73b3566f9b44f5fcd4d85	nao importar - duplicata por SHA-256
01 - Marketing Digital, Negocios Online e Vendas/08 - Desenvolvimento Pessoal e Produtividade/Autor - O Codigo Lucrativo/01 - Mente em Rede - Tecnicas Praticas para Avivar a Memoria.pdf	PDF		Desenvolvimento Pessoal e Produtividade	Desenvolvimento Pessoal e Produtividade - Mente em Rede Tecnicas Praticas para Avivar a Memoria	Negócio digital	sim	8df8c7a5683d2f5eaa30213a53ae8eb8f909b4d27011d20d97122fd900e9e929	nao importar - duplicata por SHA-256
01 - Marketing Digital, Negocios Online e Vendas/08 - Desenvolvimento Pessoal e Produtividade/Autor - O Codigo Lucrativo/02 - Leitura Agil - Manual Contemporaneo de Leitura Rapida.pdf	PDF		Desenvolvimento Pessoal e Produtividade	Desenvolvimento Pessoal e Produtividade - Leitura Agil Manual Contemporaneo de Leitura Rapida	Negócio digital	sim	9722e6ab0262385994a321741328708ab530ea803f520c9d69db87cd59247825	nao importar - duplicata por SHA-256
01 - Marketing Digital, Negocios Online e Vendas/09 - Saude, Energia e Qualidade de Vida/Autor - O Codigo Lucrativo/01 - Como Aumentar o Seu Metabolismo - Edicao Contemporanea.pdf	PDF		Saude, Energia e Qualidade de Vida	Saude, Energia e Qualidade de Vida - Como Aumentar o Seu Metabolismo Edicao Contemporanea	Negócio digital	sim	174d7b924b07d9d8e297777194c83e4c9d3bdedd6797c2da0a0368885179c83a	nao importar - duplicata por SHA-256
01 - Marketing Digital, Negocios Online e Vendas/10 - Marketing Geral/Autor - O Codigo Lucrativo/01 - Estrategias de Vendas Intemporais - Edicao Contemporanea.pdf	PDF		Marketing Geral	Marketing Geral - Estrategias de Vendas Intemporais Edicao Contemporanea	Negócio digital	sim	6134a388d97f7f46dddc9776e153364468ed291b9aad00e61744b10dda672ae6	nao importar - duplicata por SHA-256
01 - Marketing Digital, Negocios Online e Vendas/10 - Marketing Geral/Autor - O Codigo Lucrativo/02 - Marketing Relacional por E-mail - Edicao Contemporanea.pdf	PDF		Marketing Geral	Marketing Geral - Marketing Relacional por E mail Edicao Contemporanea	Negócio digital	sim	94baf5cf9b531b83683b72eb1dbc55dbea18cab97462cbc0e511155dec12fe08	nao importar - duplicata por SHA-256
02 - Alimentos, Receitas e Renda Extra Gastronomica/01 - Pipocas Gourmet e Carameladas/Autor - Spolopanda3/01 - 10 RECEITAS EXTRAS CARAMELADAS.pdf	PDF		Pipocas Gourmet e Carameladas	Pipocas Gourmet e Carameladas - 10 RECEITAS EXTRAS CARAMELADAS	Ferramentas e modelos	nao	3682c23524b584865b7474accb7f705a1f8a3a8133b6294c3e18ffe98b493475	ebook-import/fontes_importados/3682c23524b58486/source.pdf
02 - Alimentos, Receitas e Renda Extra Gastronomica/01 - Pipocas Gourmet e Carameladas/Autor - Spolopanda3/02 - BALDAO DE PIPOCA TRUFADO.pdf	PDF		Pipocas Gourmet e Carameladas	Pipocas Gourmet e Carameladas - BALDAO DE PIPOCA TRUFADO	Ferramentas e modelos	nao	539861f374aca47bb3e13d835b4b72d4f6ca37224aa8885322a00f6696afc1a5	ebook-import/fontes_importados/539861f374aca47b/source.pdf
02 - Alimentos, Receitas e Renda Extra Gastronomica/01 - Pipocas Gourmet e Carameladas/Autor - Spolopanda3/03 - DICAS E MAIS RECEITAS.pdf	PDF		Pipocas Gourmet e Carameladas	Pipocas Gourmet e Carameladas - DICAS E MAIS RECEITAS	Ferramentas e modelos	nao	e94cc27e0dd0c8bd678d5766c9d66e5cc8fde857bd619af9a93b08e3b6970edf	ebook-import/fontes_importados/e94cc27e0dd0c8bd/source.pdf
02 - Alimentos, Receitas e Renda Extra Gastronomica/01 - Pipocas Gourmet e Carameladas/Autor - Spolopanda3/04 - PIPOCA CARAMELADA.pdf	PDF		Pipocas Gourmet e Carameladas	Pipocas Gourmet e Carameladas - PIPOCA CARAMELADA	Ferramentas e modelos	nao	4b6fea114357031e3b04298fb8c77e466a012b11f6279f9cd12e4ff42784f242	ebook-import/fontes_importados/4b6fea114357031e/source.pdf
02 - Alimentos, Receitas e Renda Extra Gastronomica/01 - Pipocas Gourmet e Carameladas/Autor - Spolopanda3/05 - PIPOCA GOURMET SALGADA.pdf	PDF		Pipocas Gourmet e Carameladas	Pipocas Gourmet e Carameladas - PIPOCA GOURMET SALGADA	Ferramentas e modelos	nao	c579f1d759e08ac861f6e545c7300764b1b8ca264d8f8fe0d54569014abee998	ebook-import/fontes_importados/c579f1d759e08ac8/source.pdf
02 - Alimentos, Receitas e Renda Extra Gastronomica/02 - Temperos, Molhos e Conservacao/Autor - Autor nao identificado/01 - 21 Receitas de Molhos.pdf	PDF		Temperos, Molhos e Conservacao	Temperos, Molhos e Conservacao - 21 Receitas de Molhos	Ferramentas e modelos	nao	01fdeff392908217443ea4fc3dd5a1108cada97bcfcd5cb73f768140ee4b8a2d	ebook-import/fontes_importados/01fdeff392908217/source.pdf
02 - Alimentos, Receitas e Renda Extra Gastronomica/02 - Temperos, Molhos e Conservacao/Autor - Chef Amanda Santana/01 - 30 Receitas de Temperos Naturais.pdf	PDF		Temperos, Molhos e Conservacao	Temperos, Molhos e Conservacao - 30 Receitas de Temperos Naturais	Ferramentas e modelos	nao	af7961912dca8a9d5f422074afa498e56bcbf318ba391b1367d5d5f8696081a5	ebook-import/fontes_importados/af7961912dca8a9d/source.pdf
02 - Alimentos, Receitas e Renda Extra Gastronomica/02 - Temperos, Molhos e Conservacao/Autor - Chef Amanda Santana e Chef Rogerio Holanda/01 - 30 Receitas de Tempero Da Chef Amanda Santana.pdf	PDF		Temperos, Molhos e Conservacao	Temperos, Molhos e Conservacao - 30 Receitas de Tempero Da Chef Amanda Santana	Ferramentas e modelos	nao	ea7aed089dadb8788eb651af4bfb8b42afe95c41b7013248b821821327ba7313	ebook-import/fontes_importados/ea7aed089dadb878/source.pdf
02 - Alimentos, Receitas e Renda Extra Gastronomica/02 - Temperos, Molhos e Conservacao/Autor - Chef Carol Freitas/01 - Temperos Lucrativos - Parte 02.pdf	PDF		Temperos, Molhos e Conservacao	Temperos, Molhos e Conservacao - Temperos Lucrativos Parte 02	Ferramentas e modelos	nao	2b84bd4d1bfdee429bc04fafd1d70d03ea23b1c8a5ef54127dc1c611bd2d9ffc	ebook-import/fontes_importados/2b84bd4d1bfdee42/source.pdf
02 - Alimentos, Receitas e Renda Extra Gastronomica/02 - Temperos, Molhos e Conservacao/Autor - Matheus Araujo Soares/01 - OS TEMPEROS FAVORITOS DOS GANHADORES DO MASTERCHEF.pdf	PDF		Temperos, Molhos e Conservacao	Temperos, Molhos e Conservacao - OS TEMPEROS FAVORITOS DOS GANHADORES DO MASTERCHEF	Ferramentas e modelos	nao	e5478cfe67333e8f955a6ebe9f11c4cb41a2a19c535cc20b7707a38dfb5d47ef	ebook-import/fontes_importados/e5478cfe67333e8f/source.pdf
02 - Alimentos, Receitas e Renda Extra Gastronomica/02 - Temperos, Molhos e Conservacao/Autor - Matheus Araujo Soares/02 - TECNICAS DE CONGELAMENTO.pdf	PDF		Temperos, Molhos e Conservacao	Temperos, Molhos e Conservacao - TECNICAS DE CONGELAMENTO	Ferramentas e modelos	nao	a1be5f1254491597faafe32fd540a22da3ef6c14533c91280ca7ecd650a765fc	ebook-import/fontes_importados/a1be5f1254491597/source.pdf
02 - Alimentos, Receitas e Renda Extra Gastronomica/02 - Temperos, Molhos e Conservacao/Autor - Nadia Borges e Chef Amanda Santana/01 - Guia Completo Temperos Caseiros.pdf	PDF		Temperos, Molhos e Conservacao	Temperos, Molhos e Conservacao - Guia Completo Temperos Caseiros	Ferramentas e modelos	nao	a1840cebbbc8c14cc4e6736b722484dde3bcf8981f50915578eea08d1e1b9651	ebook-import/fontes_importados/a1840cebbbc8c14c/source.pdf
02 - Alimentos, Receitas e Renda Extra Gastronomica/03 - Marmitas e Cardapios/Autor - Autor nao identificado/01 - CARDAPIO DE MARMITAS.pdf	PDF		Marmitas e Cardapios	Marmitas e Cardapios - CARDAPIO DE MARMITAS	Ferramentas e modelos	nao	f709fa97d81e01fc7a4931caf95193b973c256f12731dbac75438ed3e835acd7	ebook-import/fontes_importados/f709fa97d81e01fc/source.pdf
03 - Profissoes, Cursos Tecnicos e Servicos/01 - Eletricista Residencial e Predial/Autor - Autor nao identificado/01 - BONUS - INSTALACAO ELETRICA DE BAIXA TENSAO.pdf	PDF		Eletricista Residencial e Predial	Eletricista Residencial e Predial - BONUS INSTALACAO ELETRICA DE BAIXA TENSAO	Desenvolvimento pessoal e financeiro	nao	7ee4010ee674378e195349dfebcafa429701d9967bc0ee8c1df6b5baaf43a503	ebook-import/fontes_importados/7ee4010ee674378e/source.pdf
03 - Profissoes, Cursos Tecnicos e Servicos/01 - Eletricista Residencial e Predial/Autor - Autor nao identificado/02 - ELETRICISTA RESIDENCIAL 2.0.pdf	PDF		Eletricista Residencial e Predial	ELETRICISTA RESIDENCIAL 2.0	Desenvolvimento pessoal e financeiro	nao	0318d422046a597983a88d6c9320ea56a8971ab01ae8692f8242ed6b3381f8db	ebook-import/fontes_importados/0318d422046a5979/source.pdf
03 - Profissoes, Cursos Tecnicos e Servicos/01 - Eletricista Residencial e Predial/Autor - MinasMega Cursos Online/01 - APOSTILA ELETRICISTA RESIDENCIAL.pdf	PDF		Eletricista Residencial e Predial	APOSTILA ELETRICISTA RESIDENCIAL	Desenvolvimento pessoal e financeiro	nao	77b3c387e3598d2871a35576ad5dad815d1306930853bdd5ac5aa88db6b1a413	ebook-import/fontes_importados/77b3c387e3598d28/source.pdf
03 - Profissoes, Cursos Tecnicos e Servicos/01 - Eletricista Residencial e Predial/Autor - PUCRS - Grupo de Eficiencia Energetica/01 - BONUS - ECONOMIA DE ENERGIA ELETRICA.pdf	PDF		Eletricista Residencial e Predial	Eletricista Residencial e Predial - BONUS ECONOMIA DE ENERGIA ELETRICA	Desenvolvimento pessoal e financeiro	nao	d9617a61b23baa09ef14732d042463f8d2f2654add87162985d20eb801e25ef3	ebook-import/fontes_importados/d9617a61b23baa09/source.pdf
03 - Profissoes, Cursos Tecnicos e Servicos/02 - Energia Solar Fotovoltaica/Autor - SENAI/01 - BONUS - CURSO INSTALACAO DE PAINEL SOLAR.pdf	PDF		Energia Solar Fotovoltaica	Energia Solar Fotovoltaica - BONUS CURSO INSTALACAO DE PAINEL SOLAR	Desenvolvimento pessoal e financeiro	nao	f0c0f410f5fcdf06c9929835538747be057bc874b62a7f3ba86339cd09514058	ebook-import/fontes_importados/f0c0f410f5fcdf06/source.pdf
03 - Profissoes, Cursos Tecnicos e Servicos/03 - Comandos Eletricos/Autor - Prof Milton Domingos Xavier/01 - BONUS - COMANDOS ELETRICOS.pdf	PDF		Comandos Eletricos	BONUS COMANDOS ELETRICOS	Desenvolvimento pessoal e financeiro	nao	b53866a8d6f8c43399ffa01127ad7740193bf803e859aa98c19017138ced7ec0	ebook-import/fontes_importados/b53866a8d6f8c433/source.pdf
03 - Profissoes, Cursos Tecnicos e Servicos/04 - Seguranca, NR10 e Ferramentas/Autor - Autor nao identificado/01 - BONUS - CHECKLIST DE FERRAMENTAS.pdf	PDF		Seguranca, NR10 e Ferramentas	Seguranca, NR10 e Ferramentas - BONUS CHECKLIST DE FERRAMENTAS	Desenvolvimento pessoal e financeiro	nao	6cc71f93c1646d7fa8a29554aec418d7721d172a21d864eb941f4f54c4b2c5d3	ebook-import/fontes_importados/6cc71f93c1646d7f/source.pdf
03 - Profissoes, Cursos Tecnicos e Servicos/04 - Seguranca, NR10 e Ferramentas/Autor - Autor nao identificado/02 - BONUS - MANUAL NR10.pdf	PDF		Seguranca, NR10 e Ferramentas	Seguranca, NR10 e Ferramentas - BONUS MANUAL NR10	Desenvolvimento pessoal e financeiro	nao	38acb041f39c9f4e1a20a5a289abeabd006bf3178b113da0158305e14bb5351c	ebook-import/fontes_importados/38acb041f39c9f4e/source.pdf
03 - Profissoes, Cursos Tecnicos e Servicos/04 - Seguranca, NR10 e Ferramentas/Autor - Professor Vanderley/01 - BONUS - MANUAL DE PROTECAO DO ELETRICISTA.pdf	PDF		Seguranca, NR10 e Ferramentas	Seguranca, NR10 e Ferramentas - BONUS MANUAL DE PROTECAO DO ELETRICISTA	Desenvolvimento pessoal e financeiro	nao	cdc5e221e1aabe4ce9676905f2fc40fcbc238df20eb59f7897000bca30c7c333	ebook-import/fontes_importados/cdc5e221e1aabe4c/source.pdf
03 - Profissoes, Cursos Tecnicos e Servicos/05 - Precificacao e Orcamentos/Autor - Eletricista Pro/01 - BONUS - TABELA DE PRECOS.pdf	PDF		Precificacao e Orcamentos	Precificacao e Orcamentos - BONUS TABELA DE PRECOS	Desenvolvimento pessoal e financeiro	nao	b2dc5872568551f90f122f58878523aa79aa3f83facc3bb554255b4a10e72e64	ebook-import/fontes_importados/b2dc5872568551f9/source.pdf
04 - Produtos Artesanais, Limpeza, Beleza e Cheiro/01 - Produtos de Limpeza e Fornecedores/Autor - Patrick Oliveira/01 - FORNECEDORES.pdf	PDF		Produtos de Limpeza e Fornecedores	Produtos de Limpeza e Fornecedores - FORNECEDORES	Ferramentas e modelos	nao	4bd05a612079464051faee3312d2025b9afd0baa4abcd30a3cbe2ebe66acca40	ebook-import/fontes_importados/4bd05a6120794640/source.pdf
04 - Produtos Artesanais, Limpeza, Beleza e Cheiro/01 - Produtos de Limpeza e Fornecedores/Autor - Patrick Oliveira/02 - RECEITAS LIMPEZA.pdf	PDF		Produtos de Limpeza e Fornecedores	Produtos de Limpeza e Fornecedores - RECEITAS LIMPEZA	Ferramentas e modelos	nao	f1c1a97aad64661e6ca67f9f33ce80340a1d15dcbd63ab2071902a2382fe31c6	ebook-import/fontes_importados/f1c1a97aad64661e/source.pdf
04 - Produtos Artesanais, Limpeza, Beleza e Cheiro/01 - Produtos de Limpeza e Fornecedores/Autor - Patrick Oliveira/03 - RECEITAS LIMPEZA 50LITROS.pdf	PDF		Produtos de Limpeza e Fornecedores	Produtos de Limpeza e Fornecedores - RECEITAS LIMPEZA 50LITROS	Ferramentas e modelos	nao	510c42a7b6d0658a161e666f4c9f6bc91e8dd77e0bd4a1bc9aaa13f3cbf13b44	ebook-import/fontes_importados/510c42a7b6d0658a/source.pdf
04 - Produtos Artesanais, Limpeza, Beleza e Cheiro/01 - Produtos de Limpeza e Fornecedores/Autor - Patrick Oliveira/04 - RECEITA LIMPA PISO.pdf	PDF		Produtos de Limpeza e Fornecedores	Produtos de Limpeza e Fornecedores - RECEITA LIMPA PISO	Ferramentas e modelos	nao	a24c418c5bfede8f62a507779a7ab1c5010ede56a2d3546abfc9a067f46833a3	ebook-import/fontes_importados/a24c418c5bfede8f/source.pdf
04 - Produtos Artesanais, Limpeza, Beleza e Cheiro/02 - Cosmeticos Artesanais - Cremes, Shampoo e Condicionador/Autor - Matheus Martins/01 - 1 - Bonus Cremes Hidratantes.pdf	PDF		Cosmeticos Artesanais - Cremes, Shampoo e Condicionador	Cosmeticos Artesanais - Cremes, Shampoo e Condicionador - 1 Bonus Cremes Hidratantes	Ferramentas e modelos	nao	405abcb1a180eae943b5a28efc081514bb28b9a7839061d90ec911bf979a4d1c	ebook-import/fontes_importados/405abcb1a180eae9/source.pdf
04 - Produtos Artesanais, Limpeza, Beleza e Cheiro/02 - Cosmeticos Artesanais - Cremes, Shampoo e Condicionador/Autor - Matheus Martins/02 - 1 - Extra Cremes Hidratantes.pdf	PDF		Cosmeticos Artesanais - Cremes, Shampoo e Condicionador	Cosmeticos Artesanais - Cremes, Shampoo e Condicionador - 1 Extra Cremes Hidratantes	Ferramentas e modelos	sim - duplicata interna do ZIP	405abcb1a180eae943b5a28efc081514bb28b9a7839061d90ec911bf979a4d1c	nao importar - duplicata interna de 405abcb1a180eae9
04 - Produtos Artesanais, Limpeza, Beleza e Cheiro/02 - Cosmeticos Artesanais - Cremes, Shampoo e Condicionador/Autor - Matheus Martins/03 - 2 - Bonus Shampoo Artesanal.pdf	PDF		Cosmeticos Artesanais - Cremes, Shampoo e Condicionador	Cosmeticos Artesanais - Cremes, Shampoo e Condicionador - 2 Bonus Shampoo Artesanal	Ferramentas e modelos	nao	44168bf65ec2a557ef9560628e379b8a54bd6183782d885e76e452887d44305d	ebook-import/fontes_importados/44168bf65ec2a557/source.pdf
04 - Produtos Artesanais, Limpeza, Beleza e Cheiro/02 - Cosmeticos Artesanais - Cremes, Shampoo e Condicionador/Autor - Matheus Martins/04 - 2 - Extra Shampoo Artesanal.pdf	PDF		Cosmeticos Artesanais - Cremes, Shampoo e Condicionador	Cosmeticos Artesanais - Cremes, Shampoo e Condicionador - 2 Extra Shampoo Artesanal	Ferramentas e modelos	sim - duplicata interna do ZIP	44168bf65ec2a557ef9560628e379b8a54bd6183782d885e76e452887d44305d	nao importar - duplicata interna de 44168bf65ec2a557
04 - Produtos Artesanais, Limpeza, Beleza e Cheiro/02 - Cosmeticos Artesanais - Cremes, Shampoo e Condicionador/Autor - Matheus Martins/05 - 3 - Bonus Condicionador Artesanal.pdf	PDF		Cosmeticos Artesanais - Cremes, Shampoo e Condicionador	Cosmeticos Artesanais - Cremes, Shampoo e Condicionador - 3 Bonus Condicionador Artesanal	Ferramentas e modelos	nao	68fb42a23d118ece13a4d3bbe2d9cc3f7982ceb66e3f5f13718e2a2b4eaed91c	ebook-import/fontes_importados/68fb42a23d118ece/source.pdf
04 - Produtos Artesanais, Limpeza, Beleza e Cheiro/02 - Cosmeticos Artesanais - Cremes, Shampoo e Condicionador/Autor - Matheus Martins/06 - 3 - Extra Condicionador Artesanal.pdf	PDF		Cosmeticos Artesanais - Cremes, Shampoo e Condicionador	Cosmeticos Artesanais - Cremes, Shampoo e Condicionador - 3 Extra Condicionador Artesanal	Ferramentas e modelos	sim - duplicata interna do ZIP	68fb42a23d118ece13a4d3bbe2d9cc3f7982ceb66e3f5f13718e2a2b4eaed91c	nao importar - duplicata interna de 68fb42a23d118ece
04 - Produtos Artesanais, Limpeza, Beleza e Cheiro/03 - Saboaria Artesanal e Terapeutica/Autor - Autor nao identificado/01 - Guia de Sabonetes Artesanais.pdf	PDF		Saboaria Artesanal e Terapeutica	Saboaria Artesanal e Terapeutica - Guia de Sabonetes Artesanais	Ferramentas e modelos	nao	fe105b7d2b3e1dae5ea7ef73398e4b5b12c03cbd225e3a1268248a974808258b	ebook-import/fontes_importados/fe105b7d2b3e1dae/source.pdf
04 - Produtos Artesanais, Limpeza, Beleza e Cheiro/03 - Saboaria Artesanal e Terapeutica/Autor - Autor nao identificado/02 - Modulo 01 - Sabonetes de cachos de uva roxa, uva verde e uva rose.pdf	PDF		Saboaria Artesanal e Terapeutica	Saboaria Artesanal e Terapeutica - Modulo 01 Sabonetes de cachos de uva roxa, uva verde e uva rose	Ferramentas e modelos	nao	e3a1ec2b62022a5197c8f5c748c8560168e6e61812c27b6a2bf1d069618ec28f	ebook-import/fontes_importados/e3a1ec2b62022a51/source.pdf
04 - Produtos Artesanais, Limpeza, Beleza e Cheiro/03 - Saboaria Artesanal e Terapeutica/Autor - Autor nao identificado/03 - Saboaria Terapeutica.pdf	PDF		Saboaria Artesanal e Terapeutica	Saboaria Artesanal e Terapeutica - Saboaria Terapeutica	Ferramentas e modelos	nao	8ce782ae1cd8f517baaea009e0e5859764a1b5f77db7f46189a162c789a14701	ebook-import/fontes_importados/8ce782ae1cd8f517/source.pdf
04 - Produtos Artesanais, Limpeza, Beleza e Cheiro/03 - Saboaria Artesanal e Terapeutica/Autor - Matheus Martins/01 - Lista de Fornecedores.pdf	PDF		Saboaria Artesanal e Terapeutica	Saboaria Artesanal e Terapeutica - Lista de Fornecedores	Ferramentas e modelos	nao	9d43b7aae7cf4a1032dee65b917b172ae7143ed8cf1c18e7d0bdd7e69eecd8c9	ebook-import/fontes_importados/9d43b7aae7cf4a10/source.pdf
04 - Produtos Artesanais, Limpeza, Beleza e Cheiro/03 - Saboaria Artesanal e Terapeutica/Autor - Matheus Martins/02 - Materiais Necessarios.pdf	PDF		Saboaria Artesanal e Terapeutica	Saboaria Artesanal e Terapeutica - Materiais Necessarios	Ferramentas e modelos	nao	b330052b46dc2658f0d30ee92ac5251eb293c4b6444a0bf7c5a0790bc9362d96	ebook-import/fontes_importados/b330052b46dc2658/source.pdf
04 - Produtos Artesanais, Limpeza, Beleza e Cheiro/03 - Saboaria Artesanal e Terapeutica/Autor - Saboaria da Cidinha/01 - Sabonetes de Frutas.pdf	PDF		Saboaria Artesanal e Terapeutica	Saboaria Artesanal e Terapeutica - Sabonetes de Frutas	Ferramentas e modelos	nao	28f88494c6146bcc8a49feb4514403aa2376f2152dd537172f0d05a7a7720ebf	ebook-import/fontes_importados/28f88494c6146bcc/source.pdf
04 - Produtos Artesanais, Limpeza, Beleza e Cheiro/03 - Saboaria Artesanal e Terapeutica/Autor - Tia Rose/01 - Receitas De Sabonetes Liquidos.pdf	PDF		Saboaria Artesanal e Terapeutica	Saboaria Artesanal e Terapeutica - Receitas De Sabonetes Liquidos	Ferramentas e modelos	nao	0685f25fdfa641bf4d9908e35fafa04c6656e3caa7aaf1e9ddf99150adebb209	ebook-import/fontes_importados/0685f25fdfa641bf/source.pdf
04 - Produtos Artesanais, Limpeza, Beleza e Cheiro/04 - Produtos Automotivos Artesanais/Autor - Autor nao identificado/01 - RECEITAS AUTOMOTIVAS.pdf	PDF		Produtos Automotivos Artesanais	Produtos Automotivos Artesanais - RECEITAS AUTOMOTIVAS	Ferramentas e modelos	nao	005de6e366084890684c49ae42f9a1c9e49ee310a8c83e307b700b0f6e7657eb	ebook-import/fontes_importados/005de6e366084890/source.pdf
05 - Impressos Criativos, Evangelicos e Materiais de Apoio/01 - Curativos Criativos de Fe/Autor - Autor nao identificado/01 - Curativo De Fe - Catalogo 2.pdf	PDF		Curativos Criativos de Fe	Curativos Criativos de Fe - Curativo De Fe Catalogo 2	Ferramentas e modelos	nao	253539ec1b348e2b42ffa31b0204b11e1872e9054251bb77ff0ddb2aba6b9c19	ebook-import/fontes_importados/253539ec1b348e2b/source.pdf
05 - Impressos Criativos, Evangelicos e Materiais de Apoio/01 - Curativos Criativos de Fe/Autor - Autor nao identificado/02 - Curativo De Fe - Catalogo 1.pdf	PDF		Curativos Criativos de Fe	Curativos Criativos de Fe - Curativo De Fe Catalogo 1	Ferramentas e modelos	nao	ec922657f6b1190f61ca309708ac1b35adecbf7e0613b2d865554b917ae804d8	ebook-import/fontes_importados/ec922657f6b1190f/source.pdf
05 - Impressos Criativos, Evangelicos e Materiais de Apoio/01 - Curativos Criativos de Fe/Autor - Autor nao identificado/03 - Curativo De Fe - Catalogo 3.pdf	PDF		Curativos Criativos de Fe	Curativos Criativos de Fe - Curativo De Fe Catalogo 3	Ferramentas e modelos	nao	5e3be45cc1422608a4109bbc8b651d9023db1f6b5af4ec22310841bb035082fe	ebook-import/fontes_importados/5e3be45cc1422608/source.pdf
05 - Impressos Criativos, Evangelicos e Materiais de Apoio/01 - Curativos Criativos de Fe/Autor - Autor nao identificado/04 - Curativo De Fe - Catalogo 4.pdf	PDF		Curativos Criativos de Fe	Curativos Criativos de Fe - Curativo De Fe Catalogo 4	Ferramentas e modelos	nao	3ccaa35f01a4040a0c8c3853f8b46bd87eb7ac16c6e02bc26607aa1e2c8fa4f7	ebook-import/fontes_importados/3ccaa35f01a4040a/source.pdf
05 - Impressos Criativos, Evangelicos e Materiais de Apoio/01 - Curativos Criativos de Fe/Autor - Autor nao identificado/05 - Ele cura as tuas feridas, curativos criativos.pdf	PDF		Curativos Criativos de Fe	Ele cura as tuas feridas, curativos criativos	Ferramentas e modelos	nao	f4968be5285b861a810a5ff6158c37e919a9eae66552cc3bff33f475954dd31e	ebook-import/fontes_importados/f4968be5285b861a/source.pdf
05 - Impressos Criativos, Evangelicos e Materiais de Apoio/01 - Curativos Criativos de Fe/Autor - gordaopjl/01 - Ele cura as tuas feridas, curativos criativos.pdf	PDF		Curativos Criativos de Fe	Ele cura as tuas feridas, curativos criativos	Ferramentas e modelos	nao	74ffb37e9772ada59c5278af3dd1685ef006ff74cfa67d5b283f3672b5f60662	ebook-import/fontes_importados/74ffb37e9772ada5/source.pdf
05 - Impressos Criativos, Evangelicos e Materiais de Apoio/02 - Pergaminhos e Jornal de Jesus/Autor - Autor nao identificado/01 - JORNAL DE JESUS.pdf	PDF		Pergaminhos e Jornal de Jesus	Pergaminhos e Jornal de Jesus - JORNAL DE JESUS	Ferramentas e modelos	nao	85ebcc3e44e5ac134b943b012cb4feb46fa4effb87dfec82dd0c111d992bbdd6	ebook-import/fontes_importados/85ebcc3e44e5ac13/source.pdf
05 - Impressos Criativos, Evangelicos e Materiais de Apoio/02 - Pergaminhos e Jornal de Jesus/Autor - Compra Confiante/01 - Lista dos Pergaminhos.pdf	PDF		Pergaminhos e Jornal de Jesus	Pergaminhos e Jornal de Jesus - Lista dos Pergaminhos	Ferramentas e modelos	nao	61a09fada912f596b52940ac3be7f720c1db81638712a7ef2f950f77319a4eb9	ebook-import/fontes_importados/61a09fada912f596/source.pdf
05 - Impressos Criativos, Evangelicos e Materiais de Apoio/02 - Pergaminhos e Jornal de Jesus/Autor - Compra Confiante/02 - Pergaminhos de Jesus.pdf	PDF		Pergaminhos e Jornal de Jesus	Pergaminhos e Jornal de Jesus - Pergaminhos de Jesus	Ferramentas e modelos	nao	421c3653ff28aeaff877a6d34d28a6d99655bd58027c4d09ea218bd0a88c7b1f	ebook-import/fontes_importados/421c3653ff28aeaf/source.pdf
05 - Impressos Criativos, Evangelicos e Materiais de Apoio/02 - Pergaminhos e Jornal de Jesus/Autor - Compra Confiante/03 - SUMARIO JORNAL DE JESUS.pdf	PDF		Pergaminhos e Jornal de Jesus	Pergaminhos e Jornal de Jesus - SUMARIO JORNAL DE JESUS	Ferramentas e modelos	nao	ea0b14b801da3e3c1212b52927025ce45463f4244de2c5af3a1f78990d4003d1	ebook-import/fontes_importados/ea0b14b801da3e3c/source.pdf
05 - Impressos Criativos, Evangelicos e Materiais de Apoio/03 - Cartoes e Mensagens Evangelicas/Autor - marcosfoio1105/01 - Cartao para culto da familia.pdf	PDF		Cartoes e Mensagens Evangelicas	Cartoes e Mensagens Evangelicas - Cartao para culto da familia	Ferramentas e modelos	nao	c5d7451b05311b2d3c00f6263052f75e18b4ed259ee0813cee422807e6b94ac4	ebook-import/fontes_importados/c5d7451b05311b2d/source.pdf
05 - Impressos Criativos, Evangelicos e Materiais de Apoio/03 - Cartoes e Mensagens Evangelicas/Autor - marcosfoio1105/02 - Para o seu dia comecar melhor (1).pdf	PDF		Cartoes e Mensagens Evangelicas	Cartoes e Mensagens Evangelicas - Para o seu dia comecar melhor (1)	Ferramentas e modelos	nao	c21c11e36d164df90480375d674cb62b999e94b649894a3c2cd44346b758833b	ebook-import/fontes_importados/c21c11e36d164df9/source.pdf
05 - Impressos Criativos, Evangelicos e Materiais de Apoio/03 - Cartoes e Mensagens Evangelicas/Autor - vifAI/01 - Jesus-Sente-Saudade.pdf	PDF		Cartoes e Mensagens Evangelicas	Cartoes e Mensagens Evangelicas - Jesus Sente Saudade	Ferramentas e modelos	nao	14dbdc88fa0af46b6d90e7f949e78960cff6d742757302f6b057b4fe00f06fa0	ebook-import/fontes_importados/14dbdc88fa0af46b/source.pdf
05 - Impressos Criativos, Evangelicos e Materiais de Apoio/04 - Etiquetas e Materiais Lado Duplo/Autor - Player Major/01 - Etiquetas Crista.pdf	PDF		Etiquetas e Materiais Lado Duplo	Etiquetas e Materiais Lado Duplo - Etiquetas Crista	Ferramentas e modelos	nao	b8f42cddf4552586208f2f4b74d1e289d050fd7756c99b76e7e88700da78a203	ebook-import/fontes_importados/b8f42cddf4552586/source.pdf
05 - Impressos Criativos, Evangelicos e Materiais de Apoio/04 - Etiquetas e Materiais Lado Duplo/Autor - Player Major/02 - Etiquetas Jesus.pdf	PDF		Etiquetas e Materiais Lado Duplo	Etiquetas e Materiais Lado Duplo - Etiquetas Jesus	Ferramentas e modelos	nao	ead2b633f46c64d6c1ba6abb2e5331ec395e6e4526bc6cc67b24df4319698483	ebook-import/fontes_importados/ead2b633f46c64d6/source.pdf
05 - Impressos Criativos, Evangelicos e Materiais de Apoio/05 - Brindes Criativos para Doces e Lembrancas/Autor - Autor nao identificado/01 - Remedio B.pdf	PDF		Brindes Criativos para Doces e Lembrancas	Brindes Criativos para Doces e Lembrancas - Remedio B	Ferramentas e modelos	nao	56a35e17a2c47ee0fdac49c7d3223b754a29fe03a9b210c524c2d6f402294993	ebook-import/fontes_importados/56a35e17a2c47ee0/source.pdf
05 - Impressos Criativos, Evangelicos e Materiais de Apoio/05 - Brindes Criativos para Doces e Lembrancas/Autor - vifAI/01 - Deixe-Deus-Dirigir.pdf	PDF		Brindes Criativos para Doces e Lembrancas	Brindes Criativos para Doces e Lembrancas - Deixe Deus Dirigir	Ferramentas e modelos	nao	514e040645327ccce499158ec7589da5c5b084c8177f44f0330f9c6b8bd2cf8d	ebook-import/fontes_importados/514e040645327ccc/source.pdf
06 - Importacao, Compras e Ecommerce/01 - Como Importar da China e Marketplaces/Autor - Joao Paulo Pimentel/01 - Como Importar da China.pdf	PDF		Como Importar da China e Marketplaces	Como Importar da China	Negócio digital	nao	7f7433ede0efcba5e19c70154d04878a480ee0686e9ad7344fb180c72ff08b90	ebook-import/fontes_importados/7f7433ede0efcba5/source.pdf
06 - Importacao, Compras e Ecommerce/01 - Como Importar da China e Marketplaces/Autor - Joao Paulo Pimentel/02 - Como abrir uma conta no Paypal.pdf	PDF		Como Importar da China e Marketplaces	Como Importar da China e Marketplaces - Como abrir uma conta no Paypal	Negócio digital	nao	4b91d757085a4226e944ad283c67347e186ea10d02ddbe186c34e9d731602ea3	ebook-import/fontes_importados/4b91d757085a4226/source.pdf
06 - Importacao, Compras e Ecommerce/01 - Como Importar da China e Marketplaces/Autor - Joao Paulo Pimentel/03 - Tutorial DealXtreme.pdf	PDF		Como Importar da China e Marketplaces	Como Importar da China e Marketplaces - Tutorial DealXtreme	Negócio digital	nao	1e3dee972a45f36d71569238b94e68f246969dc5793731a913d10736c4c5b21e	ebook-import/fontes_importados/1e3dee972a45f36d/source.pdf
