relative_path	bytes	extension	sha256
02920f8818e3631d/source.pdf	432870	pdf	e3897ed43dc926a1de36fefbd6f9cefa7e509a0141f80dcb53b0c12de4ff590f
0945222cb9989a8d/osegredo.pdf	1552305	pdf	c9f7fe3900a2543036cae1f699c7055e4ccdae893e9228b66af95032fab5c262
0f039a620a886994/source.pdf	1846248	pdf	49c1b5ad3a6d35b1930c961a28e10168e0c0158cc0733beb3192185a26792913
12348abbc481c6b9/source.pdf	297694	pdf	6fd60d57e7b33e54f0318e1b5f923b1ef2cd79c982959edd214c6b99f037955e
128f441c99b648f3/source.pdf	519700	pdf	3b84cd0fccd5096a25177b786789ef1f5d004efe28bb1f9a741c3344e8f6ad34
1b3abc921e96289a/Software E-Cover/coversoftware.exe	0	exe	e3b0c44298fc1c149afbf4c8996fb92427ae41e4649b934ca495991b7852b855
1ec98cab83661f11/source.pdf	374071	pdf	d36a5814d779f7edc3bd20076284777a751a4f9c53476b50253c7fb12341dc26
24c89ebbfdb16d1c/source.pdf	601804	pdf	7185f210995849811a7cb9a0463b89a10609ff8a6d81f6eac2bdb496731aba87
292fdb403f5f9ab0/Como Conseguir Publicidade Gratuita para Seu Negócio.doc	0	doc	e3b0c44298fc1c149afbf4c8996fb92427ae41e4649b934ca495991b7852b855
2c56442047fb415d/source.pdf	420879	pdf	76271b4b60ef8da9b492c1b2f43fa90ea37efd9f125bf15691802da63b98f432
343295eb195a9c93/Segredo do Sucesso na Internet.doc	0	doc	e3b0c44298fc1c149afbf4c8996fb92427ae41e4649b934ca495991b7852b855
343f85c3dc2e5492/source.pdf	490041	pdf	6385c32dbe782979821a9ce144a49f8ae4ca735b7c0e57bfdd35eddbcec6bb94
3dae144314bc90c7/source.pdf	695972	pdf	7eb0d2e15b682aaae0da105da200beb63003542054072124e334d77bfd8e4c73
3e88322a400bd266/Segredos do Tráfego Ilimitado para seu Site.exe	0	exe	e3b0c44298fc1c149afbf4c8996fb92427ae41e4649b934ca495991b7852b855
4251f0cc6553de95/source.pdf	643990	pdf	00fffbc1a0fd5510beba7d79f661358a4eaac7e848da46cc051d3bf6a795fa24
4326a3c4e86d3587/ABC do Ecomercee.pdf	0	pdf	e3b0c44298fc1c149afbf4c8996fb92427ae41e4649b934ca495991b7852b855
48ff4355987bc36a/Torne-se Alvo de seus Clientes.exe	0	exe	e3b0c44298fc1c149afbf4c8996fb92427ae41e4649b934ca495991b7852b855
4956c02a7899cedf/source.pdf	618308	pdf	c69eef14f470bf5832335ca3a92efbe309556b96c5282b8b7f72623a6a371fef
4995b9aa4ac145a0/7 Segredos para Criar uma Renda Automatica.exe	0	exe	e3b0c44298fc1c149afbf4c8996fb92427ae41e4649b934ca495991b7852b855
4a150bbe283af251/source.pdf	502183	pdf	b24cd3fe0759698ca91dce9cbdaf8504c18ea03e4e60b7802ffd2cf2541c3b8d
4d65a3247c9bbf62/1 - E-book Como Importar da China/Como Importar da China.pdf	0	pdf	e3b0c44298fc1c149afbf4c8996fb92427ae41e4649b934ca495991b7852b855
4d65a3247c9bbf62/1 - E-book Como Importar da China/Como abrir uma conta no Paypal.pdf	0	pdf	e3b0c44298fc1c149afbf4c8996fb92427ae41e4649b934ca495991b7852b855
4d65a3247c9bbf62/1 - E-book Como Importar da China/Tutorial  DealXtreme.pdf	0	pdf	e3b0c44298fc1c149afbf4c8996fb92427ae41e4649b934ca495991b7852b855
4d65a3247c9bbf62/1 - E-book Como Importar da China/ebook.jpg	0	jpg	e3b0c44298fc1c149afbf4c8996fb92427ae41e4649b934ca495991b7852b855
596e602f53a87bcb/source.pdf	654639	pdf	1a3ab4e30b66b7af459389697a434e57f966a8ae9eb6fa0f57b7f0f0b46ec498
5c1ca241007b6af9/source.pdf	472822	pdf	6ac707b0b9f752d34c9d2800eeb566857b506cc305eafbdbf3a00ca20c473ff0
61605a731d28fc08/escrita-magica.pdf	111864	pdf	d13e4c25c2fd621a6e3205ccd219c2993f57f28b3dfd461392870d34d408023d
69bc4f0c64ebb275/Autoresponder/.~lock.Manual 2 do Autoresponder.doc#	0	doc#	e3b0c44298fc1c149afbf4c8996fb92427ae41e4649b934ca495991b7852b855
69bc4f0c64ebb275/Autoresponder/Lite.pm	0	pm	e3b0c44298fc1c149afbf4c8996fb92427ae41e4649b934ca495991b7852b855
69bc4f0c64ebb275/Autoresponder/Manual 2 do Autoresponder.doc	0	doc	e3b0c44298fc1c149afbf4c8996fb92427ae41e4649b934ca495991b7852b855
69bc4f0c64ebb275/Autoresponder/activate.cgi	0	cgi	e3b0c44298fc1c149afbf4c8996fb92427ae41e4649b934ca495991b7852b855
69bc4f0c64ebb275/Autoresponder/config.cgi	0	cgi	e3b0c44298fc1c149afbf4c8996fb92427ae41e4649b934ca495991b7852b855
69bc4f0c64ebb275/Autoresponder/entropybanner.cgi	0	cgi	e3b0c44298fc1c149afbf4c8996fb92427ae41e4649b934ca495991b7852b855
69bc4f0c64ebb275/Autoresponder/randhtml.cgi	0	cgi	e3b0c44298fc1c149afbf4c8996fb92427ae41e4649b934ca495991b7852b855
69bc4f0c64ebb275/Autoresponder/swars.cgi	0	cgi	e3b0c44298fc1c149afbf4c8996fb92427ae41e4649b934ca495991b7852b855
69e1c768f126b473/capa206_EBG2.jpg	12517	jpg	783ca0542bea849593d51320639426cb826516d911bb19269e72c5459345153d
69e1c768f126b473/cpfr.pdf	375573	pdf	8bb30dc1b5954a1fae8ec30a6a0f0ca8bc3b72826516a2a27d4da221ad901674
6bdf4b7344795fe7/81 Maneiras de Ganhar Dinheiro com seu Micro.doc	0	doc	e3b0c44298fc1c149afbf4c8996fb92427ae41e4649b934ca495991b7852b855
6e8346b7a85bdd26/source.pdf	502438	pdf	90b5010e7321114b7b95009b1d1db9fa827f69284907728235b114051c36644e
7104c9c2602e87b8/Curso de Administra\xe7\xe3o Financeira.pdf	225450	pdf	c34b29319e0d09ac0477766a60322be899b50ba99335741081ec5e749418afd5
722ea2a0c0b4ea12/Os Segredos da Mente Milionária.pdf	0	pdf	e3b0c44298fc1c149afbf4c8996fb92427ae41e4649b934ca495991b7852b855
7557ee96e91fa2a9/Métodos para Ganhar Dinheiro na Internet.DOC	0	doc	e3b0c44298fc1c149afbf4c8996fb92427ae41e4649b934ca495991b7852b855
806e91a1edb2fe0c/source.pdf	509189	pdf	e76e329d682ac3292a3301a26986fcacd75fbac5299a29af53bee843d05af0a7
82eb8e1e99f7ec55/Dicionário de Termos Técnicos na Internet.exe	0	exe	e3b0c44298fc1c149afbf4c8996fb92427ae41e4649b934ca495991b7852b855
8757d33763befa62/Truques e Segredos da Negociação - Defenda-se.pdf	0	pdf	e3b0c44298fc1c149afbf4c8996fb92427ae41e4649b934ca495991b7852b855
87b146092734a99e/source.pdf	360922	pdf	5a0f916618942c964d5192a026e9731922568edc2c7856034890f5be1a7e7620
94e3a5dcdcc4ac18/source.pdf	432040	pdf	fa6db623a41d592a6310ca54836fb694fbb87d5557fe71dfb71e80cb1c5e8b2e
9be6c6f74e9f85f4/source.pdf	718325	pdf	906e3c225f8b9c7572db4b8dc2e75619328ab466c504f154b37d9c907f1e6e27
a892e5b1372695e0/Curso Administracao do Tempo.doc	266240	doc	1724149e082689bc20daf13f0e83656aad962bfc6eba1137a0740262a477bc36
ab7fb2225d5545b3/source.pdf	392141	pdf	5ed2cd2e23f84ce59e133c70c060e8a3955bebc64097b7a2212e072a7f4d9467
b0b770277c602acd/source.pdf	426455	pdf	28275254976ccd4394219c532db64196fb8ba72ebfbe12ca7ef86f1962e44380
b411ec10e50a112d/source.pdf	332189	pdf	2ac49b9b5efbe7936f6a0e1048938fd23402af1d19b7a8d2967f2f680b89d904
bbee07877a8b98ef/AprendaImportarDaChina.pdf	0	pdf	e3b0c44298fc1c149afbf4c8996fb92427ae41e4649b934ca495991b7852b855
bf85c4f1dff052c3/Sua Empresa na Internet.pdf	0	pdf	e3b0c44298fc1c149afbf4c8996fb92427ae41e4649b934ca495991b7852b855
c054fb4c285d862e/source.pdf	425219	pdf	8bae024ecbd1785be0c9d87244ae0a9df7a49e0d298e55f3a62c947d3ef17b07
c583c173823a9ad0/Você é Aquilo que Você Pensa.pdf	0	pdf	e3b0c44298fc1c149afbf4c8996fb92427ae41e4649b934ca495991b7852b855
c8000f1851eb6d09/Os 100 Segredos Das Pessoas Felizes.pdf	386977	pdf	0a86124cc3179a1c0c30f67d218da3d98f2785d06243a7b9a6170e0df003551b
c9a86af5c97d4ba7/Investindo Sem Susto.pdf	0	pdf	e3b0c44298fc1c149afbf4c8996fb92427ae41e4649b934ca495991b7852b855
cf5498d591166370/50 Ídeias de Negócios na Internet.pdf	0	pdf	e3b0c44298fc1c149afbf4c8996fb92427ae41e4649b934ca495991b7852b855
d592f093456c971e/Lojas Virtuais - Como Vender na Internet.exe	0	exe	e3b0c44298fc1c149afbf4c8996fb92427ae41e4649b934ca495991b7852b855
d7ad865b4455e1ef/Direitos de Revenda - Surfando Mais.txt	0	txt	e3b0c44298fc1c149afbf4c8996fb92427ae41e4649b934ca495991b7852b855
d7ad865b4455e1ef/Instalacao.html	0	html	e3b0c44298fc1c149afbf4c8996fb92427ae41e4649b934ca495991b7852b855
d7ad865b4455e1ef/Manual.html	0	html	e3b0c44298fc1c149afbf4c8996fb92427ae41e4649b934ca495991b7852b855
d7ad865b4455e1ef/autosurf/SpryAssets/SpryValidationTextField.css	0	css	e3b0c44298fc1c149afbf4c8996fb92427ae41e4649b934ca495991b7852b855
d7ad865b4455e1ef/autosurf/SpryAssets/SpryValidationTextField.js	0	js	e3b0c44298fc1c149afbf4c8996fb92427ae41e4649b934ca495991b7852b855
d7ad865b4455e1ef/autosurf/SpryAssets/SpryValidationTextarea.css	0	css	e3b0c44298fc1c149afbf4c8996fb92427ae41e4649b934ca495991b7852b855
d7ad865b4455e1ef/autosurf/SpryAssets/SpryValidationTextarea.js	0	js	e3b0c44298fc1c149afbf4c8996fb92427ae41e4649b934ca495991b7852b855
d7ad865b4455e1ef/autosurf/SpryAssets/_notes/dwsync.xml	0	xml	e3b0c44298fc1c149afbf4c8996fb92427ae41e4649b934ca495991b7852b855
d7ad865b4455e1ef/autosurf/_notes/dwsync.xml	0	xml	e3b0c44298fc1c149afbf4c8996fb92427ae41e4649b934ca495991b7852b855
d7ad865b4455e1ef/autosurf/activate.php	0	php	e3b0c44298fc1c149afbf4c8996fb92427ae41e4649b934ca495991b7852b855
d7ad865b4455e1ef/autosurf/auth.php	0	php	e3b0c44298fc1c149afbf4c8996fb92427ae41e4649b934ca495991b7852b855
d7ad865b4455e1ef/autosurf/banner.php	0	php	e3b0c44298fc1c149afbf4c8996fb92427ae41e4649b934ca495991b7852b855
d7ad865b4455e1ef/autosurf/banners/_notes/dwsync.xml	0	xml	e3b0c44298fc1c149afbf4c8996fb92427ae41e4649b934ca495991b7852b855
d7ad865b4455e1ef/autosurf/banners/ban1.gif	0	gif	e3b0c44298fc1c149afbf4c8996fb92427ae41e4649b934ca495991b7852b855
d7ad865b4455e1ef/autosurf/banners/ban2.gif	0	gif	e3b0c44298fc1c149afbf4c8996fb92427ae41e4649b934ca495991b7852b855
d7ad865b4455e1ef/autosurf/bar_break.php	0	php	e3b0c44298fc1c149afbf4c8996fb92427ae41e4649b934ca495991b7852b855
d7ad865b4455e1ef/autosurf/bars.html	0	html	e3b0c44298fc1c149afbf4c8996fb92427ae41e4649b934ca495991b7852b855
d7ad865b4455e1ef/autosurf/bars_done.html	0	html	e3b0c44298fc1c149afbf4c8996fb92427ae41e4649b934ca495991b7852b855
d7ad865b4455e1ef/autosurf/bonus.php	0	php	e3b0c44298fc1c149afbf4c8996fb92427ae41e4649b934ca495991b7852b855
d7ad865b4455e1ef/autosurf/bonus_cash.php	0	php	e3b0c44298fc1c149afbf4c8996fb92427ae41e4649b934ca495991b7852b855
d7ad865b4455e1ef/autosurf/clock.js	0	js	e3b0c44298fc1c149afbf4c8996fb92427ae41e4649b934ca495991b7852b855
d7ad865b4455e1ef/autosurf/confirm.js	0	js	e3b0c44298fc1c149afbf4c8996fb92427ae41e4649b934ca495991b7852b855
d7ad865b4455e1ef/autosurf/contact.php	0	php	e3b0c44298fc1c149afbf4c8996fb92427ae41e4649b934ca495991b7852b855
d7ad865b4455e1ef/autosurf/control/_notes/dwsync.xml	0	xml	e3b0c44298fc1c149afbf4c8996fb92427ae41e4649b934ca495991b7852b855
d7ad865b4455e1ef/autosurf/control/ad_admin.php	0	php	e3b0c44298fc1c149afbf4c8996fb92427ae41e4649b934ca495991b7852b855
d7ad865b4455e1ef/autosurf/control/add_credits_all.php	0	php	e3b0c44298fc1c149afbf4c8996fb92427ae41e4649b934ca495991b7852b855
d7ad865b4455e1ef/autosurf/control/adminauth.incl.php	0	php	e3b0c44298fc1c149afbf4c8996fb92427ae41e4649b934ca495991b7852b855
d7ad865b4455e1ef/autosurf/control/admincron.php	0	php	e3b0c44298fc1c149afbf4c8996fb92427ae41e4649b934ca495991b7852b855
d7ad865b4455e1ef/autosurf/control/editptc.php	0	php	e3b0c44298fc1c149afbf4c8996fb92427ae41e4649b934ca495991b7852b855
d7ad865b4455e1ef/autosurf/control/error_log	0	[none]	e3b0c44298fc1c149afbf4c8996fb92427ae41e4649b934ca495991b7852b855
d7ad865b4455e1ef/autosurf/control/img/_notes/dwsync.xml	0	xml	e3b0c44298fc1c149afbf4c8996fb92427ae41e4649b934ca495991b7852b855
d7ad865b4455e1ef/autosurf/control/img/_notes/menu_anunciostexto.png.mno	0	mno	e3b0c44298fc1c149afbf4c8996fb92427ae41e4649b934ca495991b7852b855
d7ad865b4455e1ef/autosurf/control/img/_notes/menu_autorizacao.png.mno	0	mno	e3b0c44298fc1c149afbf4c8996fb92427ae41e4649b934ca495991b7852b855
d7ad865b4455e1ef/autosurf/control/img/_notes/menu_banners.png.mno	0	mno	e3b0c44298fc1c149afbf4c8996fb92427ae41e4649b934ca495991b7852b855
d7ad865b4455e1ef/autosurf/control/img/_notes/menu_conteudohtml.png.mno	0	mno	e3b0c44298fc1c149afbf4c8996fb92427ae41e4649b934ca495991b7852b855
d7ad865b4455e1ef/autosurf/control/img/_notes/menu_emailsbanidos.png.mno	0	mno	e3b0c44298fc1c149afbf4c8996fb92427ae41e4649b934ca495991b7852b855
d7ad865b4455e1ef/autosurf/control/img/_notes/menu_emailusuarios.png.mno	0	mno	e3b0c44298fc1c149afbf4c8996fb92427ae41e4649b934ca495991b7852b855
d7ad865b4455e1ef/autosurf/control/img/_notes/menu_faq.png.mno	0	mno	e3b0c44298fc1c149afbf4c8996fb92427ae41e4649b934ca495991b7852b855
d7ad865b4455e1ef/autosurf/control/img/_notes/menu_gerirtransacao.png.mno	0	mno	e3b0c44298fc1c149afbf4c8996fb92427ae41e4649b934ca495991b7852b855
d7ad865b4455e1ef/autosurf/control/img/_notes/menu_ipsbanidos.png.mno	0	mno	e3b0c44298fc1c149afbf4c8996fb92427ae41e4649b934ca495991b7852b855
d7ad865b4455e1ef/autosurf/control/img/_notes/menu_listasites.png.mno	0	mno	e3b0c44298fc1c149afbf4c8996fb92427ae41e4649b934ca495991b7852b855
d7ad865b4455e1ef/autosurf/control/img/_notes/menu_listausuarios.png.mno	0	mno	e3b0c44298fc1c149afbf4c8996fb92427ae41e4649b934ca495991b7852b855
d7ad865b4455e1ef/autosurf/control/img/_notes/menu_opcoesconta.png.mno	0	mno	e3b0c44298fc1c149afbf4c8996fb92427ae41e4649b934ca495991b7852b855
d7ad865b4455e1ef/autosurf/control/img/_notes/menu_pagamentomembros.png.mno	0	mno	e3b0c44298fc1c149afbf4c8996fb92427ae41e4649b934ca495991b7852b855
d7ad865b4455e1ef/autosurf/control/img/_notes/menu_produtos.png.mno	0	mno	e3b0c44298fc1c149afbf4c8996fb92427ae41e4649b934ca495991b7852b855
d7ad865b4455e1ef/autosurf/control/img/_notes/menu_propriedadessite.png.mno	0	mno	e3b0c44298fc1c149afbf4c8996fb92427ae41e4649b934ca495991b7852b855
d7ad865b4455e1ef/autosurf/control/img/_notes/menu_ptcarea.png.mno	0	mno	e3b0c44298fc1c149afbf4c8996fb92427ae41e4649b934ca495991b7852b855
d7ad865b4455e1ef/autosurf/control/img/_notes/menu_relatoriosabuso.png.mno	0	mno	e3b0c44298fc1c149afbf4c8996fb92427ae41e4649b934ca495991b7852b855
d7ad865b4455e1ef/autosurf/control/img/_notes/menu_rotacaobanner.png.mno	0	mno	e3b0c44298fc1c149afbf4c8996fb92427ae41e4649b934ca495991b7852b855
d7ad865b4455e1ef/autosurf/control/img/_notes/menu_sair.png.mno	0	mno	e3b0c44298fc1c149afbf4c8996fb92427ae41e4649b934ca495991b7852b855
d7ad865b4455e1ef/autosurf/control/img/_notes/menu_sitesbanidos.png.mno	0	mno	e3b0c44298fc1c149afbf4c8996fb92427ae41e4649b934ca495991b7852b855
d7ad865b4455e1ef/autosurf/control/img/_notes/menu_status.png.mno	0	mno	e3b0c44298fc1c149afbf4c8996fb92427ae41e4649b934ca495991b7852b855
d7ad865b4455e1ef/autosurf/control/img/_notes/menu_statussurf.png.mno	0	mno	e3b0c44298fc1c149afbf4c8996fb92427ae41e4649b934ca495991b7852b855
d7ad865b4455e1ef/autosurf/control/img/_notes/menu_utilitarios.png.mno	0	mno	e3b0c44298fc1c149afbf4c8996fb92427ae41e4649b934ca495991b7852b855
d7ad865b4455e1ef/autosurf/control/img/_notes/menu_vendacreditos.png.mno	0	mno	e3b0c44298fc1c149afbf4c8996fb92427ae41e4649b934ca495991b7852b855
d7ad865b4455e1ef/autosurf/control/img/_notes/seta.png.mno	0	mno	e3b0c44298fc1c149afbf4c8996fb92427ae41e4649b934ca495991b7852b855
d7ad865b4455e1ef/autosurf/control/img/_notes/titulo_administracao.png.mno	0	mno	e3b0c44298fc1c149afbf4c8996fb92427ae41e4649b934ca495991b7852b855
d7ad865b4455e1ef/autosurf/control/img/headeradmin.png	0	png	e3b0c44298fc1c149afbf4c8996fb92427ae41e4649b934ca495991b7852b855
d7ad865b4455e1ef/autosurf/control/img/menu_anunciostexto.png	0	png	e3b0c44298fc1c149afbf4c8996fb92427ae41e4649b934ca495991b7852b855
d7ad865b4455e1ef/autosurf/control/img/menu_autorizacao.png	0	png	e3b0c44298fc1c149afbf4c8996fb92427ae41e4649b934ca495991b7852b855
d7ad865b4455e1ef/autosurf/control/img/menu_banners.png	0	png	e3b0c44298fc1c149afbf4c8996fb92427ae41e4649b934ca495991b7852b855
d7ad865b4455e1ef/autosurf/control/img/menu_conteudohtml.png	0	png	e3b0c44298fc1c149afbf4c8996fb92427ae41e4649b934ca495991b7852b855
d7ad865b4455e1ef/autosurf/control/img/menu_emailsbanidos.png	0	png	e3b0c44298fc1c149afbf4c8996fb92427ae41e4649b934ca495991b7852b855
d7ad865b4455e1ef/autosurf/control/img/menu_emailusuarios.png	0	png	e3b0c44298fc1c149afbf4c8996fb92427ae41e4649b934ca495991b7852b855
d7ad865b4455e1ef/autosurf/control/img/menu_faq.png	0	png	e3b0c44298fc1c149afbf4c8996fb92427ae41e4649b934ca495991b7852b855
d7ad865b4455e1ef/autosurf/control/img/menu_gerirtransacao.png	0	png	e3b0c44298fc1c149afbf4c8996fb92427ae41e4649b934ca495991b7852b855
d7ad865b4455e1ef/autosurf/control/img/menu_ipsbanidos.png	0	png	e3b0c44298fc1c149afbf4c8996fb92427ae41e4649b934ca495991b7852b855
d7ad865b4455e1ef/autosurf/control/img/menu_listasites.png	0	png	e3b0c44298fc1c149afbf4c8996fb92427ae41e4649b934ca495991b7852b855
d7ad865b4455e1ef/autosurf/control/img/menu_listausuarios.png	0	png	e3b0c44298fc1c149afbf4c8996fb92427ae41e4649b934ca495991b7852b855
d7ad865b4455e1ef/autosurf/control/img/menu_opcoesconta.png	0	png	e3b0c44298fc1c149afbf4c8996fb92427ae41e4649b934ca495991b7852b855
d7ad865b4455e1ef/autosurf/control/img/menu_pagamentomembros.png	0	png	e3b0c44298fc1c149afbf4c8996fb92427ae41e4649b934ca495991b7852b855
d7ad865b4455e1ef/autosurf/control/img/menu_produtos.png	0	png	e3b0c44298fc1c149afbf4c8996fb92427ae41e4649b934ca495991b7852b855
d7ad865b4455e1ef/autosurf/control/img/menu_propriedadessite.png	0	png	e3b0c44298fc1c149afbf4c8996fb92427ae41e4649b934ca495991b7852b855
d7ad865b4455e1ef/autosurf/control/img/menu_ptcarea.png	0	png	e3b0c44298fc1c149afbf4c8996fb92427ae41e4649b934ca495991b7852b855
d7ad865b4455e1ef/autosurf/control/img/menu_relatoriosabuso.png	0	png	e3b0c44298fc1c149afbf4c8996fb92427ae41e4649b934ca495991b7852b855
d7ad865b4455e1ef/autosurf/control/img/menu_rotacaobanner.png	0	png	e3b0c44298fc1c149afbf4c8996fb92427ae41e4649b934ca495991b7852b855
d7ad865b4455e1ef/autosurf/control/img/menu_sair.png	0	png	e3b0c44298fc1c149afbf4c8996fb92427ae41e4649b934ca495991b7852b855
d7ad865b4455e1ef/autosurf/control/img/menu_sitesbanidos.png	0	png	e3b0c44298fc1c149afbf4c8996fb92427ae41e4649b934ca495991b7852b855
d7ad865b4455e1ef/autosurf/control/img/menu_status.png	0	png	e3b0c44298fc1c149afbf4c8996fb92427ae41e4649b934ca495991b7852b855
d7ad865b4455e1ef/autosurf/control/img/menu_statussurf.png	0	png	e3b0c44298fc1c149afbf4c8996fb92427ae41e4649b934ca495991b7852b855
d7ad865b4455e1ef/autosurf/control/img/menu_utilitarios.png	0	png	e3b0c44298fc1c149afbf4c8996fb92427ae41e4649b934ca495991b7852b855
d7ad865b4455e1ef/autosurf/control/img/menu_vendacreditos.png	0	png	e3b0c44298fc1c149afbf4c8996fb92427ae41e4649b934ca495991b7852b855
d7ad865b4455e1ef/autosurf/control/img/seta.png	316	png	0f713df8f0c3c9af9d337802f381039fcc5676dd6d7a0b095aa4496200ace0e8
d7ad865b4455e1ef/autosurf/control/img/titulo_administracao.png	0	png	e3b0c44298fc1c149afbf4c8996fb92427ae41e4649b934ca495991b7852b855
d7ad865b4455e1ef/autosurf/control/index.php	0	php	e3b0c44298fc1c149afbf4c8996fb92427ae41e4649b934ca495991b7852b855
d7ad865b4455e1ef/autosurf/control/index.php.bkp	0	bkp	e3b0c44298fc1c149afbf4c8996fb92427ae41e4649b934ca495991b7852b855
d7ad865b4455e1ef/autosurf/control/insert_account.php	0	php	e3b0c44298fc1c149afbf4c8996fb92427ae41e4649b934ca495991b7852b855
d7ad865b4455e1ef/autosurf/control/ptc.php	0	php	e3b0c44298fc1c149afbf4c8996fb92427ae41e4649b934ca495991b7852b855
d7ad865b4455e1ef/autosurf/control/remover.php	0	php	e3b0c44298fc1c149afbf4c8996fb92427ae41e4649b934ca495991b7852b855
d7ad865b4455e1ef/autosurf/control/transaction_manager.php	0	php	e3b0c44298fc1c149afbf4c8996fb92427ae41e4649b934ca495991b7852b855
d7ad865b4455e1ef/autosurf/control/view.php	0	php	e3b0c44298fc1c149afbf4c8996fb92427ae41e4649b934ca495991b7852b855
d7ad865b4455e1ef/autosurf/cronjob.php	0	php	e3b0c44298fc1c149afbf4c8996fb92427ae41e4649b934ca495991b7852b855
d7ad865b4455e1ef/autosurf/faq.php	0	php	e3b0c44298fc1c149afbf4c8996fb92427ae41e4649b934ca495991b7852b855
d7ad865b4455e1ef/autosurf/faqmem.php	0	php	e3b0c44298fc1c149afbf4c8996fb92427ae41e4649b934ca495991b7852b855
d7ad865b4455e1ef/autosurf/footer.php	0	php	e3b0c44298fc1c149afbf4c8996fb92427ae41e4649b934ca495991b7852b855
d7ad865b4455e1ef/autosurf/footermem.php	0	php	e3b0c44298fc1c149afbf4c8996fb92427ae41e4649b934ca495991b7852b855
d7ad865b4455e1ef/autosurf/header.php	0	php	e3b0c44298fc1c149afbf4c8996fb92427ae41e4649b934ca495991b7852b855
d7ad865b4455e1ef/autosurf/headermem.php	0	php	e3b0c44298fc1c149afbf4c8996fb92427ae41e4649b934ca495991b7852b855
d7ad865b4455e1ef/autosurf/headfoot.php	0	php	e3b0c44298fc1c149afbf4c8996fb92427ae41e4649b934ca495991b7852b855
d7ad865b4455e1ef/autosurf/images/468x58barateiro.gif	0	gif	e3b0c44298fc1c149afbf4c8996fb92427ae41e4649b934ca495991b7852b855
d7ad865b4455e1ef/autosurf/images/_notes/dwsync.xml	0	xml	e3b0c44298fc1c149afbf4c8996fb92427ae41e4649b934ca495991b7852b855
d7ad865b4455e1ef/autosurf/images/banner_publicidade.gif	0	gif	e3b0c44298fc1c149afbf4c8996fb92427ae41e4649b934ca495991b7852b855
d7ad865b4455e1ef/autosurf/images/banner_renda_rapida.gif	0	gif	e3b0c44298fc1c149afbf4c8996fb92427ae41e4649b934ca495991b7852b855
d7ad865b4455e1ef/autosurf/images/banner_script.gif	0	gif	e3b0c44298fc1c149afbf4c8996fb92427ae41e4649b934ca495991b7852b855
d7ad865b4455e1ef/autosurf/images/contratipo468x60ze3.gif	0	gif	e3b0c44298fc1c149afbf4c8996fb92427ae41e4649b934ca495991b7852b855
d7ad865b4455e1ef/autosurf/images/lojabarateiro.jpg	0	jpg	e3b0c44298fc1c149afbf4c8996fb92427ae41e4649b934ca495991b7852b855
d7ad865b4455e1ef/autosurf/img/Thumbs.db	0	db	e3b0c44298fc1c149afbf4c8996fb92427ae41e4649b934ca495991b7852b855
d7ad865b4455e1ef/autosurf/img/_notes/btn_cadastrese.png.mno	0	mno	e3b0c44298fc1c149afbf4c8996fb92427ae41e4649b934ca495991b7852b855
d7ad865b4455e1ef/autosurf/img/_notes/btn_contato.png.mno	0	mno	e3b0c44298fc1c149afbf4c8996fb92427ae41e4649b934ca495991b7852b855
d7ad865b4455e1ef/autosurf/img/_notes/btn_faq.png.mno	0	mno	e3b0c44298fc1c149afbf4c8996fb92427ae41e4649b934ca495991b7852b855
d7ad865b4455e1ef/autosurf/img/_notes/btn_home.png.mno	0	mno	e3b0c44298fc1c149afbf4c8996fb92427ae41e4649b934ca495991b7852b855
d7ad865b4455e1ef/autosurf/img/_notes/btn_privacidade.png.mno	0	mno	e3b0c44298fc1c149afbf4c8996fb92427ae41e4649b934ca495991b7852b855
d7ad865b4455e1ef/autosurf/img/_notes/btn_termos.png.mno	0	mno	e3b0c44298fc1c149afbf4c8996fb92427ae41e4649b934ca495991b7852b855
d7ad865b4455e1ef/autosurf/img/_notes/dwsync.xml	0	xml	e3b0c44298fc1c149afbf4c8996fb92427ae41e4649b934ca495991b7852b855
d7ad865b4455e1ef/autosurf/img/_notes/header.png.mno	0	mno	e3b0c44298fc1c149afbf4c8996fb92427ae41e4649b934ca495991b7852b855
d7ad865b4455e1ef/autosurf/img/_notes/menu_alterarcadastro.png.mno	0	mno	e3b0c44298fc1c149afbf4c8996fb92427ae41e4649b934ca495991b7852b855
d7ad865b4455e1ef/autosurf/img/_notes/menu_autosurfar.png.mno	0	mno	e3b0c44298fc1c149afbf4c8996fb92427ae41e4649b934ca495991b7852b855
d7ad865b4455e1ef/autosurf/img/_notes/menu_cliqueganhe.png.mno	0	mno	e3b0c44298fc1c149afbf4c8996fb92427ae41e4649b934ca495991b7852b855
d7ad865b4455e1ef/autosurf/img/_notes/menu_comprar_premium.png.mno	0	mno	e3b0c44298fc1c149afbf4c8996fb92427ae41e4649b934ca495991b7852b855
d7ad865b4455e1ef/autosurf/img/_notes/menu_creditar_sites.png.mno	0	mno	e3b0c44298fc1c149afbf4c8996fb92427ae41e4649b934ca495991b7852b855
d7ad865b4455e1ef/autosurf/img/_notes/menu_creditosbanners.png.mno	0	mno	e3b0c44298fc1c149afbf4c8996fb92427ae41e4649b934ca495991b7852b855
d7ad865b4455e1ef/autosurf/img/_notes/menu_creditosemails.png.mno	0	mno	e3b0c44298fc1c149afbf4c8996fb92427ae41e4649b934ca495991b7852b855
d7ad865b4455e1ef/autosurf/img/_notes/menu_deletarminhaconta.png.mno	0	mno	e3b0c44298fc1c149afbf4c8996fb92427ae41e4649b934ca495991b7852b855
d7ad865b4455e1ef/autosurf/img/_notes/menu_faq.png.mno	0	mno	e3b0c44298fc1c149afbf4c8996fb92427ae41e4649b934ca495991b7852b855
d7ad865b4455e1ef/autosurf/img/_notes/menu_ganharindicados.png.mno	0	mno	e3b0c44298fc1c149afbf4c8996fb92427ae41e4649b934ca495991b7852b855
d7ad865b4455e1ef/autosurf/img/_notes/menu_historico.png.mno	0	mno	e3b0c44298fc1c149afbf4c8996fb92427ae41e4649b934ca495991b7852b855
d7ad865b4455e1ef/autosurf/img/_notes/menu_homemembros.png.mno	0	mno	e3b0c44298fc1c149afbf4c8996fb92427ae41e4649b934ca495991b7852b855
d7ad865b4455e1ef/autosurf/img/_notes/menu_sair.png.mno	0	mno	e3b0c44298fc1c149afbf4c8996fb92427ae41e4649b934ca495991b7852b855
d7ad865b4455e1ef/autosurf/img/_notes/menu_statuscliqueganhe.png.mno	0	mno	e3b0c44298fc1c149afbf4c8996fb92427ae41e4649b934ca495991b7852b855
d7ad865b4455e1ef/autosurf/img/_notes/menu_statuspropagandas.png.mno	0	mno	e3b0c44298fc1c149afbf4c8996fb92427ae41e4649b934ca495991b7852b855
d7ad865b4455e1ef/autosurf/img/_notes/menu_verenviarmsg.png.mno	0	mno	e3b0c44298fc1c149afbf4c8996fb92427ae41e4649b934ca495991b7852b855
d7ad865b4455e1ef/autosurf/img/_notes/menu_verindicados.png.mno	0	mno	e3b0c44298fc1c149afbf4c8996fb92427ae41e4649b934ca495991b7852b855
d7ad865b4455e1ef/autosurf/img/_notes/tit_membros.png.mno	0	mno	e3b0c44298fc1c149afbf4c8996fb92427ae41e4649b934ca495991b7852b855
d7ad865b4455e1ef/autosurf/img/arrow.png	1313	png	dd88d0d0df8131be24630c914b7eff4054a44631a1edc2a3a8470e912d864d22
d7ad865b4455e1ef/autosurf/img/btn_cadastrese.png	0	png	e3b0c44298fc1c149afbf4c8996fb92427ae41e4649b934ca495991b7852b855
d7ad865b4455e1ef/autosurf/img/btn_contato.png	0	png	e3b0c44298fc1c149afbf4c8996fb92427ae41e4649b934ca495991b7852b855
d7ad865b4455e1ef/autosurf/img/btn_entrar.png	2841	png	761a840f058723c69f1827e1cd3c75b4850502798d2f3609666c6718fd673b61
d7ad865b4455e1ef/autosurf/img/btn_faq.png	0	png	e3b0c44298fc1c149afbf4c8996fb92427ae41e4649b934ca495991b7852b855
d7ad865b4455e1ef/autosurf/img/btn_home.png	0	png	e3b0c44298fc1c149afbf4c8996fb92427ae41e4649b934ca495991b7852b855
d7ad865b4455e1ef/autosurf/img/btn_privacidade.png	0	png	e3b0c44298fc1c149afbf4c8996fb92427ae41e4649b934ca495991b7852b855
d7ad865b4455e1ef/autosurf/img/btn_termos.png	0	png	e3b0c44298fc1c149afbf4c8996fb92427ae41e4649b934ca495991b7852b855
d7ad865b4455e1ef/autosurf/img/comofunciona.png	0	png	e3b0c44298fc1c149afbf4c8996fb92427ae41e4649b934ca495991b7852b855
d7ad865b4455e1ef/autosurf/img/conta.png	3314	png	c8320e5094d5a724e2a32cd337235182e3c5c9532aebd79e140ecfa70f9669b5
d7ad865b4455e1ef/autosurf/img/deletar.png	949	png	0f124a2ae900d19721ced4ed1da6a1546a888aa81c33f8d0a25ee237862bf1c6
d7ad865b4455e1ef/autosurf/img/divirtase.png	0	png	e3b0c44298fc1c149afbf4c8996fb92427ae41e4649b934ca495991b7852b855
d7ad865b4455e1ef/autosurf/img/footer.png	0	png	e3b0c44298fc1c149afbf4c8996fb92427ae41e4649b934ca495991b7852b855
d7ad865b4455e1ef/autosurf/img/fundosurfbar.jpg	0	jpg	e3b0c44298fc1c149afbf4c8996fb92427ae41e4649b934ca495991b7852b855
d7ad865b4455e1ef/autosurf/img/header.png	0	png	e3b0c44298fc1c149afbf4c8996fb92427ae41e4649b934ca495991b7852b855
d7ad865b4455e1ef/autosurf/img/homem_trabalhando.png	13846	png	ecc49fa93d148ba5bebad53ebac1ab6f99a0646497cf64bea68aefd1edf52107
d7ad865b4455e1ef/autosurf/img/index.php	40	php	89dfb5904f29eac750e7b919acac1a5d344d0b0c51813bd11be1bb50e8b9b3d8
d7ad865b4455e1ef/autosurf/img/menu_alterarcadastro.png	8044	png	fa99feb46dc3786bccb2b63e3fbbebd5fa330dc8e214493073f51c59d77cc742
d7ad865b4455e1ef/autosurf/img/menu_autosurfar.png	7065	png	a967f449d5fa25ffc5065a6d68ed6c2471fb50a2399e2b626dde9d8ca867d2e5
d7ad865b4455e1ef/autosurf/img/menu_cliqueganhe.png	7167	png	e52bb4d70956ef8da27461912be075a9d38e38855fac20bfb1b198985d695388
d7ad865b4455e1ef/autosurf/img/menu_comprar_premium.png	8669	png	ea61a409490a1a616a82152aed94ce9b77a0d4bcb387d718094c184cbd1b7544
d7ad865b4455e1ef/autosurf/img/menu_creditar_sites.png	7709	png	6cf2a1d31a2453975c2f508a27ad49d2fe528c5ce41447bd06838c776edb4c6b
d7ad865b4455e1ef/autosurf/img/menu_creditosbanners.png	0	png	e3b0c44298fc1c149afbf4c8996fb92427ae41e4649b934ca495991b7852b855
d7ad865b4455e1ef/autosurf/img/menu_creditosemails.png	10154	png	b87b72b4a7792c9bea25077897861601c1b29204bfbfa40c973508ecb470945d
d7ad865b4455e1ef/autosurf/img/menu_deletarminhaconta.png	7887	png	2d8c66c56b80da41c2c9c4151651bcac58e59360ac1263d4e5a72be9b9e7812f
d7ad865b4455e1ef/autosurf/img/menu_faq.png	8923	png	7ef7beab101c6b9eae954f31addf860bc2104de585e2b75f3909356e9c2fe754
d7ad865b4455e1ef/autosurf/img/menu_ganharindicados.png	6738	png	27746a7f7ae23be25c394daa7d122c58964fb78d8203d8ced0d0abdbc8651cb7
d7ad865b4455e1ef/autosurf/img/menu_historico.png	6369	png	b99414fa4aa2e2310a7598b714b0cc78cc73ef1c8314cc2a67e209fcbcf635fd
d7ad865b4455e1ef/autosurf/img/menu_homemembros.png	8220	png	60ed6040aa60cc4be935871138772e9881d09c304f7880b0c16abe6576c9a32e
d7ad865b4455e1ef/autosurf/img/menu_sair.png	4222	png	791a2bee7ae5ab8f8a4c75f6bce5ff3345b4c3a1a7664dc96dbf93479e4812b1
d7ad865b4455e1ef/autosurf/img/menu_statuscliqueganhe.png	8696	png	c80e10132e29dfa10efb290c110c3f3d15223291753bad2d8eb1341814e46c6f
d7ad865b4455e1ef/autosurf/img/menu_statuspropagandas.png	8504	png	a4d98fba532373f90e388bf86eea34e94dfce0aa79c89115f2647e578fa20c65
d7ad865b4455e1ef/autosurf/img/menu_surpresa.png	8954	png	7302f1fbe2c1a1328c7cd9918dec392c38f5fa960eddc8b06b13520071bfd1dd
d7ad865b4455e1ef/autosurf/img/menu_verenviarmsg.png	8484	png	1fac228194ea180c5c7d97e75e89f7d6b2f2debc9f554e32893735a4a3217059
d7ad865b4455e1ef/autosurf/img/menu_verindicados.png	7488	png	d4509c7a280c39a93b43aacd7a76c69754e06d933e34328311e776339bd7084f
d7ad865b4455e1ef/autosurf/img/stripe.gif	44	gif	08f4311df3ba35311d57bebf218ea7889ce4664f42efc805ad67eb32cf751675
d7ad865b4455e1ef/autosurf/img/tit_membros.png	0	png	e3b0c44298fc1c149afbf4c8996fb92427ae41e4649b934ca495991b7852b855
d7ad865b4455e1ef/autosurf/index.php	0	php	e3b0c44298fc1c149afbf4c8996fb92427ae41e4649b934ca495991b7852b855
d7ad865b4455e1ef/autosurf/logout.php	0	php	e3b0c44298fc1c149afbf4c8996fb92427ae41e4649b934ca495991b7852b855
d7ad865b4455e1ef/autosurf/lost.php	0	php	e3b0c44298fc1c149afbf4c8996fb92427ae41e4649b934ca495991b7852b855
d7ad865b4455e1ef/autosurf/main_page.php	0	php	e3b0c44298fc1c149afbf4c8996fb92427ae41e4649b934ca495991b7852b855
d7ad865b4455e1ef/autosurf/members/_notes/dwsync.xml	0	xml	e3b0c44298fc1c149afbf4c8996fb92427ae41e4649b934ca495991b7852b855
d7ad865b4455e1ef/autosurf/members/ad_stats.php	0	php	e3b0c44298fc1c149afbf4c8996fb92427ae41e4649b934ca495991b7852b855
d7ad865b4455e1ef/autosurf/members/allocate.php	0	php	e3b0c44298fc1c149afbf4c8996fb92427ae41e4649b934ca495991b7852b855
d7ad865b4455e1ef/autosurf/members/banners.php	0	php	e3b0c44298fc1c149afbf4c8996fb92427ae41e4649b934ca495991b7852b855
d7ad865b4455e1ef/autosurf/members/banners_for_credits.php	0	php	e3b0c44298fc1c149afbf4c8996fb92427ae41e4649b934ca495991b7852b855
d7ad865b4455e1ef/autosurf/members/buy.php	0	php	e3b0c44298fc1c149afbf4c8996fb92427ae41e4649b934ca495991b7852b855
d7ad865b4455e1ef/autosurf/members/buy_upgrade.php	0	php	e3b0c44298fc1c149afbf4c8996fb92427ae41e4649b934ca495991b7852b855
d7ad865b4455e1ef/autosurf/members/cashout.php	0	php	e3b0c44298fc1c149afbf4c8996fb92427ae41e4649b934ca495991b7852b855
d7ad865b4455e1ef/autosurf/members/confirmbar.php	0	php	e3b0c44298fc1c149afbf4c8996fb92427ae41e4649b934ca495991b7852b855
d7ad865b4455e1ef/autosurf/members/confirmsite.php	0	php	e3b0c44298fc1c149afbf4c8996fb92427ae41e4649b934ca495991b7852b855
d7ad865b4455e1ef/autosurf/members/delete.php	0	php	e3b0c44298fc1c149afbf4c8996fb92427ae41e4649b934ca495991b7852b855
d7ad865b4455e1ef/autosurf/members/edit.php	0	php	e3b0c44298fc1c149afbf4c8996fb92427ae41e4649b934ca495991b7852b855
d7ad865b4455e1ef/autosurf/members/error_log	0	[none]	e3b0c44298fc1c149afbf4c8996fb92427ae41e4649b934ca495991b7852b855
d7ad865b4455e1ef/autosurf/members/history.php	0	php	e3b0c44298fc1c149afbf4c8996fb92427ae41e4649b934ca495991b7852b855
d7ad865b4455e1ef/autosurf/members/index.php	0	php	e3b0c44298fc1c149afbf4c8996fb92427ae41e4649b934ca495991b7852b855
d7ad865b4455e1ef/autosurf/members/mail_for_credits.php	0	php	e3b0c44298fc1c149afbf4c8996fb92427ae41e4649b934ca495991b7852b855
d7ad865b4455e1ef/autosurf/members/mem_auth.php	0	php	e3b0c44298fc1c149afbf4c8996fb92427ae41e4649b934ca495991b7852b855
d7ad865b4455e1ef/autosurf/members/msg_downline.php	0	php	e3b0c44298fc1c149afbf4c8996fb92427ae41e4649b934ca495991b7852b855
d7ad865b4455e1ef/autosurf/members/paidtoclick.php	0	php	e3b0c44298fc1c149afbf4c8996fb92427ae41e4649b934ca495991b7852b855
d7ad865b4455e1ef/autosurf/members/ptc.php	0	php	e3b0c44298fc1c149afbf4c8996fb92427ae41e4649b934ca495991b7852b855
d7ad865b4455e1ef/autosurf/members/ptcbar.php	0	php	e3b0c44298fc1c149afbf4c8996fb92427ae41e4649b934ca495991b7852b855
d7ad865b4455e1ef/autosurf/members/ptcstats.php	0	php	e3b0c44298fc1c149afbf4c8996fb92427ae41e4649b934ca495991b7852b855
d7ad865b4455e1ef/autosurf/members/referral.php	0	php	e3b0c44298fc1c149afbf4c8996fb92427ae41e4649b934ca495991b7852b855
d7ad865b4455e1ef/autosurf/members/site.php	0	php	e3b0c44298fc1c149afbf4c8996fb92427ae41e4649b934ca495991b7852b855
d7ad865b4455e1ef/autosurf/members/thankyou.php	0	php	e3b0c44298fc1c149afbf4c8996fb92427ae41e4649b934ca495991b7852b855
d7ad865b4455e1ef/autosurf/members/upgrade.php	0	php	e3b0c44298fc1c149afbf4c8996fb92427ae41e4649b934ca495991b7852b855
d7ad865b4455e1ef/autosurf/members/upgrade_downline.php	0	php	e3b0c44298fc1c149afbf4c8996fb92427ae41e4649b934ca495991b7852b855
d7ad865b4455e1ef/autosurf/memlinks.html	0	html	e3b0c44298fc1c149afbf4c8996fb92427ae41e4649b934ca495991b7852b855
d7ad865b4455e1ef/autosurf/regmail.php	0	php	e3b0c44298fc1c149afbf4c8996fb92427ae41e4649b934ca495991b7852b855
d7ad865b4455e1ef/autosurf/report.php	0	php	e3b0c44298fc1c149afbf4c8996fb92427ae41e4649b934ca495991b7852b855
d7ad865b4455e1ef/autosurf/signup.php	0	php	e3b0c44298fc1c149afbf4c8996fb92427ae41e4649b934ca495991b7852b855
d7ad865b4455e1ef/autosurf/style.css	0	css	e3b0c44298fc1c149afbf4c8996fb92427ae41e4649b934ca495991b7852b855
d7ad865b4455e1ef/autosurf/surf.php	0	php	e3b0c44298fc1c149afbf4c8996fb92427ae41e4649b934ca495991b7852b855
d7ad865b4455e1ef/autosurf/surfbar.php	0	php	e3b0c44298fc1c149afbf4c8996fb92427ae41e4649b934ca495991b7852b855
d7ad865b4455e1ef/autosurf/target.php	0	php	e3b0c44298fc1c149afbf4c8996fb92427ae41e4649b934ca495991b7852b855
d7ad865b4455e1ef/autosurf/timer.js	0	js	e3b0c44298fc1c149afbf4c8996fb92427ae41e4649b934ca495991b7852b855
d7ad865b4455e1ef/autosurf/urltest.php	0	php	e3b0c44298fc1c149afbf4c8996fb92427ae41e4649b934ca495991b7852b855
d7ad865b4455e1ef/autosurf/vars.php	0	php	e3b0c44298fc1c149afbf4c8996fb92427ae41e4649b934ca495991b7852b855
d7ad865b4455e1ef/autosurf_banco.sql	0	sql	e3b0c44298fc1c149afbf4c8996fb92427ae41e4649b934ca495991b7852b855
de19a6651cbd7742/source.pdf	4148406	pdf	c38e2c0432e348c5b867ee55ddca252dc7fc0390ffbb80ff77b42fa5a69dd54d
e5385bddcbc58165/source.pdf	599094	pdf	57e15e17709fab3dc1adeec6d13b3bd1857b4a77df86a6d840306d8281ee90cc
e6e1bbf9e83fbfde/Site PTC/Read Me.txt	26	txt	6f52485dab635ca44d27b7ca6f2ec607d5106593eab7e61925b98134a305c4c0
e6e1bbf9e83fbfde/Site PTC/ReadMe.rtf	40970	rtf	b3740213f9090f4a00e5c0849ccf45f1e44989bcbec2d0d156fded276a84e8f1
e6e1bbf9e83fbfde/Site PTC/admin/Read Me.txt	32	txt	f9801ef7566fe1a1318a650d2e7015f4b5de0c22c8494b1e0122bea6c4945840
e6e1bbf9e83fbfde/Site PTC/admin/admin.php	57966	php	c0ce0537616f46098dc89bb6f4dc3f5375d2ad9cc02fcf946e5ca3d31cd62e56
e6e1bbf9e83fbfde/Site PTC/admin/css.css	8596	css	16e7e0603320c5faef40b1b49ddd75aced79f181f6d87be1c6976bc471d8bfa0
e6e1bbf9e83fbfde/Site PTC/admin/data.php	11196	php	54d55488f12cbe328a4cce2d16a9670fbec667e83c9a5c9c97b14308d9add5b6
e6e1bbf9e83fbfde/Site PTC/admin/header.php	2035	php	7648d4037eeb9c923b465a4c55781917453268e7b36b5459c2f9753726858fa4
e6e1bbf9e83fbfde/Site PTC/admin/images/Thumbs.db	20480	db	2eec92187d88785b4ce1dae515e64daba84151c40c4f67c4fc715319907add3e
e6e1bbf9e83fbfde/Site PTC/admin/images/bg.jpg	415	jpg	02b25e291868b28de0741c40b7b48f6a91f66a64addca51ea86e562feed30b97
e6e1bbf9e83fbfde/Site PTC/admin/images/box.jpg	6501	jpg	be9e23a2a546cf861f1fa90174ee63236f82cfb90b9904d8e01644408a4e3d9a
e6e1bbf9e83fbfde/Site PTC/admin/images/bullet.gif	281	gif	2a95c3903d70abe773ce7938977ea5b986b4b20146083d8cf06a5d38d58ad3d1
e6e1bbf9e83fbfde/Site PTC/admin/images/button-bg.jpg	831	jpg	93c0c1fb25052c81296f48f1e063733d1144f4267ffd20a7050d60f25ab9a67f
e6e1bbf9e83fbfde/Site PTC/admin/images/footer.jpg	9877	jpg	ccefa94ed2d829855f07d3383e2bd41a14682d9d976a7ac5f2c03ad0ce58a87a
e6e1bbf9e83fbfde/Site PTC/admin/images/header.jpg	13254	jpg	43b568c473df74026e9bdc82564a8182018acd88596e58dd09046420a45637e5
e6e1bbf9e83fbfde/Site PTC/admin/images/index.php	58	php	ee074be4a3240d9447c85324ae7677dd0d9c68552ea6ca4184af13fc95134c1c
e6e1bbf9e83fbfde/Site PTC/admin/images/menu.jpg	4616	jpg	598c6df55145fe11c520feb67f1b2959e019b4104f3e34889931f7a4d428c5be
e6e1bbf9e83fbfde/Site PTC/admin/images/method.gif	5566	gif	047590baa5624cb6e99ba4575068c90ee49b0f7db5a2921c1b341671010b104a
e6e1bbf9e83fbfde/Site PTC/admin/images/quote.jpg	1131	jpg	6c090a3328819b9d67d9156f42a8ed9888e128b8f9854f2711a87f10a6ac61a7
e6e1bbf9e83fbfde/Site PTC/admin/images/sep.jpg	420	jpg	1b73435b8b4b400fb791496141f79ad72dedbfbb5bfa867da36db85f21f699ed
e6e1bbf9e83fbfde/Site PTC/admin/index.php	755	php	1053b1af9a2c13f42f48a4b33410c8893423931f7deffeb16ade03fe1cdd8a69
e6e1bbf9e83fbfde/Site PTC/adsense.html	334	html	05b4e3b84975dfd3d73eb787a8673534dd8be42aaca7e96326f1adf725465666
e6e1bbf9e83fbfde/Site PTC/banners/1.gif	37430	gif	19842d25bf46e88dc80ca6275a9e0fd060300745e41d1e4827f137fc1ec115ee
e6e1bbf9e83fbfde/Site PTC/banners/10.JPG	11475	jpg	5f3a9069fb061aadbf0e42ba0cb3aafc9fda4c42aac3d0116845a0d139fae4bb
e6e1bbf9e83fbfde/Site PTC/banners/11.gif	13621	gif	9c41f2ecbeb5353c523bbc665b6b184ba669606c99efa044d3fb41106bd84a9f
e6e1bbf9e83fbfde/Site PTC/banners/12.gif	19380	gif	7735734865f7cd529cf825c229d55101eab3f3b687d06bacc219e669cfe15c26
e6e1bbf9e83fbfde/Site PTC/banners/13.gif	17110	gif	1be816b9032adaec5dd37fdd7b0285d45a1d7bb130c0db32832139160a5b4dcd
e6e1bbf9e83fbfde/Site PTC/banners/14.gif	12806	gif	5c81688ea502f177e663a74257b782eb1d57c9f71bb5fb0c57340327e63a6824
e6e1bbf9e83fbfde/Site PTC/banners/15.gif	23328	gif	b7ff47be3b569866d6e851f4dedff2f1d4be23a6658dfc99fcf21ecc21c94548
e6e1bbf9e83fbfde/Site PTC/banners/16.gif	16385	gif	0aff6e8d6a187fe0cfd06b0d9af00bc02e7e19ac9cfc1deadf758675196e490a
e6e1bbf9e83fbfde/Site PTC/banners/17.gif	9747	gif	e46cbc9f7b949162235da57c9b32946fc44be8780ad7a63cf61a723fa1139ddc
e6e1bbf9e83fbfde/Site PTC/banners/18.gif	16404	gif	fd0cd907a6c540ac5e999e8758c2c67d7bdd66d67277b148a70df6af0a91dc07
e6e1bbf9e83fbfde/Site PTC/banners/19.gif	5909	gif	12b9a7bb5d1fa09ddea10fea518cc66060680da81201d6d7f70bd895127d3e69
e6e1bbf9e83fbfde/Site PTC/banners/2.gif	13206	gif	12b89d1d860aa1340dcb1484d7cf23ac181598cdc2ee1a46735c39bfbcdbc93d
e6e1bbf9e83fbfde/Site PTC/banners/20.gif	118698	gif	7b25dfd31dff37d7761fa0d9e60459ccd7be174b22504603f877a7e3deb3f32e
e6e1bbf9e83fbfde/Site PTC/banners/21.gif	40173	gif	5b761e370117e40a3f5bc1d20c47d2b37d246019b67ddaa7eda5933ceef48126
e6e1bbf9e83fbfde/Site PTC/banners/22.gif	35798	gif	c6b1aedbc8bef403d3a87009800edf9e7e82d8e917d5371223ac52708611b52b
e6e1bbf9e83fbfde/Site PTC/banners/3.gif	30616	gif	f6e876f066a9ee27073abff30843bbfc247096e8e1049c22606047c5b3d91431
e6e1bbf9e83fbfde/Site PTC/banners/4.gif	10606	gif	a12446012226026c97f14d7d514e7057d2f2ec04eddc6e6194147bf863469453
e6e1bbf9e83fbfde/Site PTC/banners/5.gif	6222	gif	6ccd7a7a06d9c7c0f9298fb671e67ad9f44f1a5a6ead92fffe35aa685400ce6c
e6e1bbf9e83fbfde/Site PTC/banners/6.gif	19429	gif	d867e9f7174c64382de67ced19803ba45c1dad73f221eda7bf5b6eddd95d0bcf
e6e1bbf9e83fbfde/Site PTC/banners/8.gif	42588	gif	ddc19e43a0c26caca1b4e619c7b94d6bc14c2834a1bfafd30c2fc50033b4b35b
e6e1bbf9e83fbfde/Site PTC/banners/9.gif	28793	gif	b206a1c7ad950feb27a39404ef974baa95e971b450cfd18b9cabadb2700a42d1
e6e1bbf9e83fbfde/Site PTC/banners/Thumbs.db	88064	db	1c48a9a3c6bf512f8115a2b9c5dbd9fbd7bc918349d4a5062985ceab3280f8e6
e6e1bbf9e83fbfde/Site PTC/banners.htm	2598	htm	02cf785b0de1eea04945a97b0a90ac19b84bf6a5bd91f07ddd13130694ba4f43
e6e1bbf9e83fbfde/Site PTC/buyref.php	22322	php	7b47ad494d97ea0819fa13d63aa6f02fc2c8e3182df45cf5d3d5dfc9426db8ab
e6e1bbf9e83fbfde/Site PTC/config.php	2990	php	e5f853f3aebe5b17d4dbcf0d3235bc9bdcec819be3e926353359cca8db34d803
e6e1bbf9e83fbfde/Site PTC/contact.php	5391	php	5330f0ec2d836d10ac290cb3e6e7a3280ccfd6655f31972c054f5a16e07262c2
e6e1bbf9e83fbfde/Site PTC/data.php	11486	php	230f5ac9a7216142a77be9819f8006f7292df67b67e94ebca78d48e43db20201
e6e1bbf9e83fbfde/Site PTC/external.htm	11824	htm	eb8436aaa80a439f133dd51ea250c4632454799ea5735d510c74ce62a673f00d
e6e1bbf9e83fbfde/Site PTC/footer.php	2111	php	7be98331a23c2d87dba1f5cbdecc7f6a6161535c89069e5e4ab7c468e61beed2
e6e1bbf9e83fbfde/Site PTC/funciones.php	5420	php	7c00ca8769a5cc259cf8a939d34fa8726c5795a0e38a3888886aa2aea870759f
e6e1bbf9e83fbfde/Site PTC/funtions/advertise.php	11463	php	a57d1bf3b77adced23104cd4ec57f6bf7a296b8722440d1c01825c463c5788f4
e6e1bbf9e83fbfde/Site PTC/funtions/banner.php	1024	php	b50c7e8be35e297045bee5859e919a211355fdf3d6ba1a31ed5bdb30e08a3b34
e6e1bbf9e83fbfde/Site PTC/funtions/faq.php	6949	php	41f1063f6788efe410112ed8ffeeb47e0b76056022f8ec0c44a5121609c8066f
e6e1bbf9e83fbfde/Site PTC/funtions/how.php	5867	php	d2bd12f5943b65225be5a1f39408af43e7c49dfb8faade50e62d8aacc19a93ce
e6e1bbf9e83fbfde/Site PTC/funtions/news.php	1009	php	4861d4f70c13dcfc9a80448532807ae6d45d5c617ef5de06105c3e5895a8c451
e6e1bbf9e83fbfde/Site PTC/funtions/privacy.php	1975	php	554902fd19b59d031260b34265ddb3c7da31a8b98564a2308722ce8944637d38
e6e1bbf9e83fbfde/Site PTC/funtions/proof_of_payments.php	1417	php	457794190ee3bbe4b9dbf37a2947c332b6e00a5ef510ed69c45e717e691cbdf0
e6e1bbf9e83fbfde/Site PTC/funtions/recover.php	3175	php	425efe7c0c9dc11b8a531a95ad946bd9075c2e4a20a5bed30fd079ff55fe5d5f
e6e1bbf9e83fbfde/Site PTC/funtions/surf.php	6527	php	f698a6776fedad3f7d5845e652b3085f341460fc68cd844cf122787622e2fe20
e6e1bbf9e83fbfde/Site PTC/funtions/tos.php	1117	php	1a00ab6b231116352d6267f9c79a5c8ca976c7c13acd37e7b22a96442f112dd9
e6e1bbf9e83fbfde/Site PTC/funtions/upgrade.php	6204	php	a8280d5f0f2cf382e0c887a7f99cbfa8f380cc24939ca5ee08e735f504fa0cb1
e6e1bbf9e83fbfde/Site PTC/grayblank.htm	0	htm	e3b0c44298fc1c149afbf4c8996fb92427ae41e4649b934ca495991b7852b855
e6e1bbf9e83fbfde/Site PTC/header2.php	7793	php	bf8559c30d197105566c85454e3293c092c26bc8c9805e967b53fee39be7e409
e6e1bbf9e83fbfde/Site PTC/image.php	1786	php	fee8e6642e709adc96a73563d4b50bc6006033b4b96903913fad78bcd2bb15d0
e6e1bbf9e83fbfde/Site PTC/images/Thumbs.db	114688	db	74d46827b444d48919a57146224ae4495a680c690746e442749a6ab0748be2ea
e6e1bbf9e83fbfde/Site PTC/images/adloading.gif	4178	gif	93c99b1a62bdef426c6029d8eeaa796af079bd0b67c7bd67fda444e8afb6f562
e6e1bbf9e83fbfde/Site PTC/images/b_01.png	344	png	5ecd7dd03563871379f1d1be9c6f5362b86b4cd41b8341350d4fd17e8e0493b6
e6e1bbf9e83fbfde/Site PTC/images/b_02.png	143	png	bcadac13e7393fa5360353380454a4b8dc46be167c218d1cc6825bd43fc4b544
e6e1bbf9e83fbfde/Site PTC/images/b_04.png	454	png	b807e9741b87c2bae732862766b83945bbd275d42bd7530066d5f139d4a55994
e6e1bbf9e83fbfde/Site PTC/images/b_07.png	131	png	7414cc96eba2313f2d2bc848c75846bf7a2ef75cdd753b4834e1f4d0233f166e
e6e1bbf9e83fbfde/Site PTC/images/b_10.png	151	png	b49a04386f701c53991a6b172905659340325889d5e1eaea55e814063211318b
e6e1bbf9e83fbfde/Site PTC/images/b_13.png	469	png	ea0886757703b85af2e674b8ae654afb02d1c5a6ea9c0e2e2c1e03d436b76cc2
e6e1bbf9e83fbfde/Site PTC/images/b_15.png	168	png	7b32dbb7fb7f03dba9a95108e296edc88f24c50cd7bf31cff8b442dfe254ea57
e6e1bbf9e83fbfde/Site PTC/images/b_17.png	548	png	e6aaf88a6e4a4d59475d2fe11b5a6d4c5c553ba0dc0320fe02439ae3a71d62ad
e6e1bbf9e83fbfde/Site PTC/images/banner.gif	4684	gif	8f1698c709f957cef0a7faf794bd3f9748c633f7562ae6cca43422d4790684c3
e6e1bbf9e83fbfde/Site PTC/images/banner.jpg	28288	jpg	011912f3e79301345ce785d80a72645d742c3e761a7652944273d0f824238b49
e6e1bbf9e83fbfde/Site PTC/images/banner.png	6485	png	07efe5f6b9c5cc4bb3d09b138cee4b6a4b741018884c530f7aab61ec7bfc522a
e6e1bbf9e83fbfde/Site PTC/images/banner2.gif	15307	gif	4e9eb3b2361e13ac16a5e197f97e51f5c9d60c31d445f18f0848befefac1119c
e6e1bbf9e83fbfde/Site PTC/images/bg-nav.jpg	330	jpg	fec0946b6386a27dc318bc128a4c7a7732c4dcaef8d72b1ea64763c4a70f3706
e6e1bbf9e83fbfde/Site PTC/images/bg.gif	97	gif	c6a271049a57b44a11ca90be4f5753448c05c9b392c40ffd5038f58c6d6103a7
e6e1bbf9e83fbfde/Site PTC/images/bg_green_white.gif	2605	gif	8bc9ee212e021fb25f7600ae75c83cae3e4952c7ee78c718d1e7b32e2230b675
e6e1bbf9e83fbfde/Site PTC/images/box-bg.jpg	778	jpg	77723be1e94bc00e60d0c09b03e212e0630908113bb648054af131e06dc6899c
e6e1bbf9e83fbfde/Site PTC/images/breaking_news.gif	9199	gif	c72028daac774d033c93ac93ad840b9cc65a5d4bda9451ac7e9fab43e426b7ec
e6e1bbf9e83fbfde/Site PTC/images/btnComprar.jpg	2263	jpg	9addd55e500340c70f3d9ec6cac1fd07bce277763bca1d25d4446ef0247035ad
e6e1bbf9e83fbfde/Site PTC/images/btnPreferenciaCartoesBR.gif	6478	gif	3fa6740de1afc20cfdaa04234c4b5dc66d151efed26a22fd10fed241bfc2c2fc
e6e1bbf9e83fbfde/Site PTC/images/bullet.gif	281	gif	2a95c3903d70abe773ce7938977ea5b986b4b20146083d8cf06a5d38d58ad3d1
e6e1bbf9e83fbfde/Site PTC/images/button.png	4471	png	4c31371393e32e1ab5ccfff8f63f62d68a76216d09f7a17631f6b29f143eb876
e6e1bbf9e83fbfde/Site PTC/images/cc_logo.jpg	3437	jpg	780656ef45dea08a3694b0c7e89f117b6ee196cafe5a8f20addf34b7754e82a1
e6e1bbf9e83fbfde/Site PTC/images/child-active-bg.gif	67	gif	01043eec717536daf41a70b0baa00eba73cd8fd22a662d93bb0f79129bd4040f
e6e1bbf9e83fbfde/Site PTC/images/content.jpg	449	jpg	c58a597b24923348fe707dc51d5532b9f5a5bcbd95aabc8b46807ca4b40ba12e
e6e1bbf9e83fbfde/Site PTC/images/content2.jpg	880	jpg	383b9d49a8b77c84d2c3c44afa62b138c85f78c2d4f2381fcb2951155aa96d3b
e6e1bbf9e83fbfde/Site PTC/images/default.jpg	40192	jpg	bb99be7f91e61fb9ac7d4faef381d3ece1f43942c921ddb5de4f34724c23be92
e6e1bbf9e83fbfde/Site PTC/images/error.gif	1745	gif	07a681f2fce903c5999226a1966773ae7dfc6c1de46ba168162f5c9281a0d63c
e6e1bbf9e83fbfde/Site PTC/images/error.png	4649	png	9d34635334e2fad63a6d47f3d26b37074f19a03c8152fbb3f3d6dd08bb2ffa38
e6e1bbf9e83fbfde/Site PTC/images/footer.png	34697	png	67d756951b4930ac2a08905305267e0ab58f9e1c6a6afa8bb91155a57b04e3b6
e6e1bbf9e83fbfde/Site PTC/images/header.png	58389	png	97ff587f28da2aef32f52831a4b489df21c84e1f4d0902e213c4078a9e822803
e6e1bbf9e83fbfde/Site PTC/images/header2.png	101470	png	b956293c7b0d0b7537873f1021b6ba973136821c760884b830c2b085770202d9
e6e1bbf9e83fbfde/Site PTC/images/index.php	699	php	a6ed454ed1b85bee46e332f230f7597aa1490af7135dd0a783907ed33f05ed04
e6e1bbf9e83fbfde/Site PTC/images/infobar.gif	1015	gif	56fe5a8bbd88db901046355914a86cc6bde195c1efa3b54af96474ceab64282d
e6e1bbf9e83fbfde/Site PTC/images/join_now.gif	5562	gif	e00eda1ac35491cc027bde715366cce35c964262d63286ae2a48cb322387fa88
e6e1bbf9e83fbfde/Site PTC/images/logo.jpg	15930	jpg	72de9fdbbf72df51babaf1e014564bdf74141fa271e91c2ac1319d7600a8916b
e6e1bbf9e83fbfde/Site PTC/images/mainbg.gif	116	gif	ed5ac803ecaf62fdddec8c0684e2449cd05d3f035de253ffb3370b5d45354235
e6e1bbf9e83fbfde/Site PTC/images/members_testimonial.gif	9449	gif	1a49c8f0bb64699439753a6983908d861c285721e16219b24e329d33bfcf9fab
e6e1bbf9e83fbfde/Site PTC/images/method.gif	3931	gif	4fabc9b6e1d948651bb240d4155ce87cc041ab11b7661e2c612accac53c803b3
e6e1bbf9e83fbfde/Site PTC/images/nav_bar_bg.gif	180	gif	f7362549d8ec2ceef2bd3d524bc14340e017ec7992abe6d48ac3a6f1b490a61d
e6e1bbf9e83fbfde/Site PTC/images/notlogged.gif	1035	gif	febdfba57c9ea2b4eb946a01cc3389498a81e6e3c092b02d613663dea742dd84
e6e1bbf9e83fbfde/Site PTC/images/ok.gif	1470	gif	378ae9e87f489e147dc441bbbaeb6ad9e52003a556a0590aa8613ccb05e28a84
e6e1bbf9e83fbfde/Site PTC/images/ok.png	4679	png	5ae99aeb66415487b2e2c27e909e180ac65bb9414bce3063e41badd4db9b6d5a
e6e1bbf9e83fbfde/Site PTC/images/pagseguro.jpg	2213	jpg	0e362f005b1fbe5d98ea23944c0c193f1840889cf971a8cc0add7c17bb437c91
e6e1bbf9e83fbfde/Site PTC/images/quote.jpg	1131	jpg	6c090a3328819b9d67d9156f42a8ed9888e128b8f9854f2711a87f10a6ac61a7
e6e1bbf9e83fbfde/Site PTC/images/readmore.png	8755	png	df28b2cc1495853533b00c15e2f52cbd68b0379ffce00347a2ecd02b03bb38eb
e6e1bbf9e83fbfde/Site PTC/images/rounded1_bg.gif	109	gif	e69c3c9aa3ffaaa00c7254da3bd21f09c798636b7b20ae27aff0d5e4511538dd
e6e1bbf9e83fbfde/Site PTC/images/rounded1_bottom.gif	405	gif	cad6121e0fd8d3a73e77831e703726c29d7bbdb114edabe1cf4adb8c5ccf38d2
e6e1bbf9e83fbfde/Site PTC/images/rounded1_top.gif	402	gif	53338a1d9c26725094a78cca0d8595d49077eb3b95b8992367471eeebc54930b
e6e1bbf9e83fbfde/Site PTC/images/rounded2_bg.gif	70	gif	a4f409d32603fe33c9139105425550f9b5ce57812e5e3a61ee1e620547136b25
e6e1bbf9e83fbfde/Site PTC/images/rounded2_left.gif	406	gif	2074009a3b890e02d060a4101ccc773f09d26153dfe4cf997d54f1d361c55cfb
e6e1bbf9e83fbfde/Site PTC/images/rounded2_right.gif	407	gif	cfbba59f7a262065fe61c8f7bd8013ec99a9c14a51a5947c94d312b78bd566aa
e6e1bbf9e83fbfde/Site PTC/images/sep.jpg	420	jpg	1b73435b8b4b400fb791496141f79ad72dedbfbb5bfa867da36db85f21f699ed
e6e1bbf9e83fbfde/Site PTC/images/seph.jpg	534	jpg	c51eeebf77364579721b977b3c77fb43452358242a8c7adf8e78636272f125ca
e6e1bbf9e83fbfde/Site PTC/images/spacer.gif	43	gif	548f2d6f4d0d820c6c5ffbeffcbd7f0e73193e2932eefe542accc84762deec87
e6e1bbf9e83fbfde/Site PTC/images/stats.jpg	27916	jpg	0c1c4c85e16b6d01b5c2f43652f71e5a0f64aef3a8a30092f198d2047c85b269
e6e1bbf9e83fbfde/Site PTC/images/style.css	8602	css	8ac2d84ac124637db5305b4960060849bf994ec9dd2e21945881c76919e80b14
e6e1bbf9e83fbfde/Site PTC/images/surf.jpg	31748	jpg	8f939fca73e37ef765d0167b3ba01cce17092870e212de6abed3c6509556a94c
e6e1bbf9e83fbfde/Site PTC/images/surfffffff.jpg	8471	jpg	8d05c5341a29cfa2f08b04e9e0ed66799a5bb633a4791e93cc29319e6d5afd5b
e6e1bbf9e83fbfde/Site PTC/images/th-bg.jpg	831	jpg	93c0c1fb25052c81296f48f1e063733d1144f4267ffd20a7050d60f25ab9a67f
e6e1bbf9e83fbfde/Site PTC/images/top_small.jpg	1921	jpg	e422c041a9ba9492c652425a3460d197438e7bf0b2fdefd12828e86460d51d55
e6e1bbf9e83fbfde/Site PTC/images/top_small.png	1921	png	e422c041a9ba9492c652425a3460d197438e7bf0b2fdefd12828e86460d51d55
e6e1bbf9e83fbfde/Site PTC/images/upgrade.gif	1721	gif	7e2c5328ddc46148b3eaa72fa9587ef3a0129cb84f6fa16c01c93c0c72ed5ac9
e6e1bbf9e83fbfde/Site PTC/images/upgrade_your_account.gif	9054	gif	5405e7a9d9fd25761315f398291e9abfde196fee66045ea6b68915654ce78b94
e6e1bbf9e83fbfde/Site PTC/index.php	25148	php	5c02ffbb1a4a31fc2180ce05fc84080ed82eb863acfd6cc4cf49b3254e9b42bc
e6e1bbf9e83fbfde/Site PTC/install/DB.sql	9386	sql	7a88cc139dcee3a49b46de14c26b30c8934e2068a3953b58b4986db67ffa7d1c
e6e1bbf9e83fbfde/Site PTC/install/Read Me.txt	618	txt	d9755c1ac20774ec4bee638f7105cee176171c0954c697f51ea2558b859669c0
e6e1bbf9e83fbfde/Site PTC/install/config.php	2979	php	a1bf9cd819e8abf3fa9dac4d048c406e71d624f2179020e95abbdb1b5739badb
e6e1bbf9e83fbfde/Site PTC/install/footer.php	1019	php	ad69394fe813a9321eaaf29154ee9df0bc2b6b4e77535bd4c1c7df1ee3e6987a
e6e1bbf9e83fbfde/Site PTC/install/header.php	3317	php	0669291a46f5507952f7737e764f0d94611055f9cec9c57ee98cef09b35084d9
e6e1bbf9e83fbfde/Site PTC/install/index.php	711	php	a51c7346f2aeeefdc2b20f69b5ff0df8f1b4c1009ac0c4b632336f80f17669bf
e6e1bbf9e83fbfde/Site PTC/install/install.php	18341	php	a68b9e78cef2b9e060e2bea2c2f9dbdc6804e34a95ad28ebe27511f2dbd827b7
e6e1bbf9e83fbfde/Site PTC/login.php	4712	php	940556d52d384981aa3d2f1a40f7bd9ed614d9abf1ac41b3c9a4f36a4263f15c
e6e1bbf9e83fbfde/Site PTC/logout.php	1222	php	0d9cfdfd1ceb25ddc2b5d98580c725a6d266d1c2e7fb316b928f1d7517ebd7d2
e6e1bbf9e83fbfde/Site PTC/logoutp.php	961	php	0c1bb330dd8625b8435dac44b8d3d4cfb4232f388b37e7389df67a8240e71713
e6e1bbf9e83fbfde/Site PTC/menum.php	1011	php	7b8ca915772cab3ada4e41b54b523d603840f27ae3aa00f67a9bc283df773ca0
e6e1bbf9e83fbfde/Site PTC/messenger.php	5749	php	0516baa877f59faa97b8dce8fc977824d010521829465f85af6819f3214fa537
e6e1bbf9e83fbfde/Site PTC/online.php	761	php	c6003c68e654ab0bdb048cf416c292d1c9408fdeff4abcbeb6c0fdd6ccbb2282
e6e1bbf9e83fbfde/Site PTC/payme.php	10792	php	80f5677ad25544f35f18b92602d4773963a379d00a6961a1a58b1f0a5e7195d8
e6e1bbf9e83fbfde/Site PTC/prices.php	1556	php	ba163ba1a98e9cc22b437a0159e8b8ce3ce2cc7aac37414003a4ca84f958d69e
e6e1bbf9e83fbfde/Site PTC/readmessage.php	4072	php	a4f1e6c3b2ad40dde16da036ced3e86eb43e3353eccabe6928e3a4251929c936
e6e1bbf9e83fbfde/Site PTC/register.php	19584	php	d03e3c3ffaec80d972a84432a5289a30e721ccdcf68564c81ac2304e68e49726
e6e1bbf9e83fbfde/Site PTC/replymessage.php	5655	php	976d30766fd539d6c17ad80eb098f506d2d1bd72f31a8d4d3717f6194c88dfa2
e6e1bbf9e83fbfde/Site PTC/sendmessage.php	6594	php	6b97888632890b752e9a35c7c99eb23715917ff8eacb5386e5d7f2dda066bb48
e6e1bbf9e83fbfde/Site PTC/setup.php	695	php	e3bac49618ac2e154d9bf4d9ad6c1c32a41295231ec8217fc816adea6522da18
e6e1bbf9e83fbfde/Site PTC/sitenoar.html	758	html	5e2b8c756ca7993d7ad575c0617d5b31ee9ed3343719e613fa9cc664ca7efba5
e6e1bbf9e83fbfde/Site PTC/success.php	4766	php	6bd31bc1f9077239be8ee7a060af3abe7b5788eae236257366f76ffdd17de820
e6e1bbf9e83fbfde/Site PTC/tabela de usu\xa0rios online.txt	192	txt	1376270a76429efcbbec616401199b78cf0ad233faa61fa4da291501d984cc53
e6e1bbf9e83fbfde/Site PTC/tos.txt	3987	txt	ce9e77b020298f0e5ad5f4f650b62912db4ede5ac97566bb187f25218b003424
e6e1bbf9e83fbfde/Site PTC/total.php	283	php	d164f393078adf897c18b8e6e2cf6119de47ca5534e49abb785277439cd694a2
e6e1bbf9e83fbfde/Site PTC/user.php	26227	php	973a5ebd5a6927dd382d9fdb29814993b264ef36062505ffc7a8aaad1d677469
e6e1bbf9e83fbfde/Site PTC/version.txt	1	txt	cdb4ee2aea69cc6a83331bbe96dc2caa9a299d21329efb0336fc02a82e1839a8
e6e1bbf9e83fbfde/Site PTC/view.php	3992	php	422f9c0e41e4ab89c21e5f2681ced46ec41904528d1723fd260415a22d1c656c
e8f578e3b73ac233/source.pdf	484432	pdf	c160f5dade8ee66477ca36f4d482ba35e505ec2be7378d9281c081e754f7cdd9
ece2826a3ee2d50e/51 Programas de Afiliados.exe	0	exe	e3b0c44298fc1c149afbf4c8996fb92427ae41e4649b934ca495991b7852b855
ed1b7d6f744039af/source.pdf	357241	pdf	a2a4f89d681d328eee88f4a5b6a001ce9d10431243c417365c9e9fdf3390cd37
f16d5571ed0fb6d9/201 Ídeias para Ganhar Dinheiro em Network Marketing.pdf	0	pdf	e3b0c44298fc1c149afbf4c8996fb92427ae41e4649b934ca495991b7852b855
f2cc011f658a1e13/source.pdf	649239	pdf	75e5824da8e4efd3250dae7d83414504610e07189b8123257fe942ba8816b8e6
f6c74aa4681b510d/source.pdf	855267	pdf	6f5bd81b257233d44bd096d575ffeb86535feff1d9e5e1e9e1c01fa79fd7657f
f879e262ef5a7d21/source.pdf	264746	pdf	8b41db7969c6a94da52f4e1e2a5453122b0370dc1e842a0e842e7274f79345ef
